player_id,name
8473986,Alex Killorn
8475184,Chris Kreider
8475462,Radko Gudas
8475798,Mikael Granlund
8475852,Petr Mrazek
8476885,Jacob Trouba
8477527,Ross Johnston
8478366,Frank Vatrano
8478873,Troy Terry
8480068,Ryan Poehling
8480843,Lukas Dostal
8481563,Drew Helleson
8481605,Jackson LaCombe
8482118,Sam Colangelo
8482745,Mason McTavish
8482803,Olen Zellweger
8483445,Cutter Gauthier
8483490,Pavel Mintyukov
8484153,Leo Carlsson
8484762,Beckett Sennecke
8481754,Nikita Nesterenko
8482178,Ian Moore
8478424,Jansen Harkins
8476458,Ryan Strome
8478024,Ville Husso
8483746,Vyacheslav Buteyets
8485512,Tim Washe
8479705,Jeffrey Viel
8474590,John Carlson
8483444,Nathan Gaucher
8482731,Tyson Hinds
8483482,Tristan Luneau
