game_id,pair,toi5
2025020021,"(8475462, 8476885)",0
2025020021,"(8475462, 8481563)",0
2025020021,"(8475462, 8481605)",811
2025020021,"(8475462, 8482803)",80
2025020021,"(8475462, 8483490)",46
2025020021,"(8476885, 8481563)",2
2025020021,"(8476885, 8481605)",40
2025020021,"(8476885, 8482803)",882
2025020021,"(8476885, 8483490)",121
2025020021,"(8481563, 8481605)",216
2025020021,"(8481563, 8482803)",62
2025020021,"(8481563, 8483490)",728
2025020021,"(8481605, 8482803)",2
2025020021,"(8481605, 8483490)",1
2025020021,"(8482803, 8483490)",2
2025020036,"(8475462, 8476885)",0
2025020036,"(8475462, 8481563)",0
2025020036,"(8475462, 8481605)",836
2025020036,"(8475462, 8482803)",39
2025020036,"(8475462, 8483490)",28
2025020036,"(8476885, 8481563)",4
2025020036,"(8476885, 8481605)",62
2025020036,"(8476885, 8482803)",887
2025020036,"(8476885, 8483490)",10
2025020036,"(8481563, 8481605)",77
2025020036,"(8481563, 8482803)",79
2025020036,"(8481563, 8483490)",627
2025020036,"(8481605, 8482803)",13
2025020036,"(8481605, 8483490)",2
2025020036,"(8482803, 8483490)",2
2025020056,"(8475462, 8476885)",44
2025020056,"(8475462, 8481563)",11
2025020056,"(8475462, 8481605)",988
2025020056,"(8475462, 8482803)",49
2025020056,"(8475462, 8483490)",11
2025020056,"(8476885, 8481563)",17
2025020056,"(8476885, 8481605)",78
2025020056,"(8476885, 8482803)",777
2025020056,"(8476885, 8483490)",67
2025020056,"(8481563, 8481605)",10
2025020056,"(8481563, 8482803)",75
2025020056,"(8481563, 8483490)",831
2025020056,"(8481605, 8482803)",56
2025020056,"(8481605, 8483490)",2
2025020056,"(8482803, 8483490)",2
2025020070,"(8475462, 8476885)",71
2025020070,"(8475462, 8481563)",4
2025020070,"(8475462, 8481605)",531
2025020070,"(8475462, 8482803)",43
2025020070,"(8475462, 8483490)",230
2025020070,"(8476885, 8481563)",38
2025020070,"(8476885, 8481605)",91
2025020070,"(8476885, 8482803)",700
2025020070,"(8476885, 8483490)",80
2025020070,"(8481563, 8481605)",290
2025020070,"(8481563, 8482803)",79
2025020070,"(8481563, 8483490)",563
2025020070,"(8481605, 8482803)",0
2025020070,"(8481605, 8483490)",0
2025020070,"(8482803, 8483490)",1
2025020091,"(8475462, 8476885)",3
2025020091,"(8475462, 8481563)",4
2025020091,"(8475462, 8481605)",495
2025020091,"(8475462, 8482178)",125
2025020091,"(8475462, 8482803)",65
2025020091,"(8475462, 8483490)",82
2025020091,"(8476885, 8481563)",45
2025020091,"(8476885, 8481605)",88
2025020091,"(8476885, 8482178)",84
2025020091,"(8476885, 8482803)",717
2025020091,"(8476885, 8483490)",12
2025020091,"(8481563, 8481605)",201
2025020091,"(8481563, 8482178)",174
2025020091,"(8481563, 8482803)",70
2025020091,"(8481563, 8483490)",448
2025020091,"(8481605, 8482178)",190
2025020091,"(8481605, 8482803)",3
2025020091,"(8481605, 8483490)",0
2025020091,"(8482178, 8482803)",143
2025020091,"(8482178, 8483490)",104
2025020091,"(8482803, 8483490)",1
2025020105,"(8475462, 8476885)",13
2025020105,"(8475462, 8481563)",0
2025020105,"(8475462, 8481605)",35
2025020105,"(8475462, 8482803)",49
2025020105,"(8475462, 8483490)",758
2025020105,"(8476885, 8481563)",5
2025020105,"(8476885, 8481605)",77
2025020105,"(8476885, 8482803)",856
2025020105,"(8476885, 8483490)",108
2025020105,"(8481563, 8481605)",901
2025020105,"(8481563, 8482803)",47
2025020105,"(8481563, 8483490)",26
2025020105,"(8481605, 8482803)",3
2025020105,"(8481605, 8483490)",2
2025020105,"(8482803, 8483490)",1
2025020111,"(8475462, 8476885)",0
2025020111,"(8475462, 8481563)",0
2025020111,"(8475462, 8481605)",0
2025020111,"(8475462, 8482803)",15
2025020111,"(8475462, 8483490)",214
2025020111,"(8476885, 8481563)",14
2025020111,"(8476885, 8481605)",344
2025020111,"(8476885, 8482803)",991
2025020111,"(8476885, 8483490)",333
2025020111,"(8481563, 8481605)",796
2025020111,"(8481563, 8482803)",117
2025020111,"(8481563, 8483490)",334
2025020111,"(8481605, 8482803)",13
2025020111,"(8481605, 8483490)",24
2025020111,"(8482803, 8483490)",52
2025020129,"(8476885, 8481563)",6
2025020129,"(8476885, 8481605)",561
2025020129,"(8476885, 8482178)",3
2025020129,"(8476885, 8482803)",608
2025020129,"(8476885, 8483490)",83
2025020129,"(8481563, 8481605)",418
2025020129,"(8481563, 8482178)",4
2025020129,"(8481563, 8482803)",37
2025020129,"(8481563, 8483490)",450
2025020129,"(8481605, 8482178)",74
2025020129,"(8481605, 8482803)",2
2025020129,"(8481605, 8483490)",8
2025020129,"(8482178, 8482803)",122
2025020129,"(8482178, 8483490)",424
2025020129,"(8482803, 8483490)",16
2025020153,"(8476885, 8481563)",44
2025020153,"(8476885, 8481605)",146
2025020153,"(8476885, 8482178)",42
2025020153,"(8476885, 8482803)",722
2025020153,"(8476885, 8483490)",90
2025020153,"(8481563, 8481605)",764
2025020153,"(8481563, 8482178)",1
2025020153,"(8481563, 8482803)",48
2025020153,"(8481563, 8483490)",103
2025020153,"(8481605, 8482178)",104
2025020153,"(8481605, 8482803)",0
2025020153,"(8481605, 8483490)",1
2025020153,"(8482178, 8482803)",26
2025020153,"(8482178, 8483490)",542
2025020153,"(8482803, 8483490)",23
2025020180,"(8476885, 8481563)",4
2025020180,"(8476885, 8481605)",171
2025020180,"(8476885, 8482178)",3
2025020180,"(8476885, 8482803)",293
2025020180,"(8476885, 8483490)",476
2025020180,"(8481563, 8481605)",506
2025020180,"(8481563, 8482178)",2
2025020180,"(8481563, 8482803)",67
2025020180,"(8481563, 8483490)",240
2025020180,"(8481605, 8482178)",8
2025020180,"(8481605, 8482803)",0
2025020180,"(8481605, 8483490)",0
2025020180,"(8482178, 8482803)",489
2025020180,"(8482178, 8483490)",129
2025020180,"(8482803, 8483490)",17
2025020197,"(8476885, 8481563)",2
2025020197,"(8476885, 8481605)",99
2025020197,"(8476885, 8482178)",2
2025020197,"(8476885, 8482803)",950
2025020197,"(8476885, 8483490)",67
2025020197,"(8481563, 8481605)",913
2025020197,"(8481563, 8482178)",5
2025020197,"(8481563, 8482803)",143
2025020197,"(8481563, 8483490)",51
2025020197,"(8481605, 8482178)",47
2025020197,"(8481605, 8482803)",3
2025020197,"(8481605, 8483490)",4
2025020197,"(8482178, 8482803)",46
2025020197,"(8482178, 8483490)",760
2025020197,"(8482803, 8483490)",1
2025020211,"(8476885, 8481563)",5
2025020211,"(8476885, 8481605)",28
2025020211,"(8476885, 8482178)",1
2025020211,"(8476885, 8482803)",709
2025020211,"(8476885, 8483490)",80
2025020211,"(8481563, 8481605)",662
2025020211,"(8481563, 8482178)",1
2025020211,"(8481563, 8482803)",70
2025020211,"(8481563, 8483490)",34
2025020211,"(8481605, 8482178)",35
2025020211,"(8481605, 8482803)",0
2025020211,"(8481605, 8483490)",0
2025020211,"(8482178, 8482803)",103
2025020211,"(8482178, 8483490)",643
2025020211,"(8482803, 8483490)",3
2025020224,"(8476885, 8481563)",2
2025020224,"(8476885, 8481605)",147
2025020224,"(8476885, 8482178)",5
2025020224,"(8476885, 8482803)",769
2025020224,"(8476885, 8483490)",149
2025020224,"(8481563, 8481605)",890
2025020224,"(8481563, 8482178)",22
2025020224,"(8481563, 8482803)",50
2025020224,"(8481563, 8483490)",64
2025020224,"(8481605, 8482178)",57
2025020224,"(8481605, 8482803)",1
2025020224,"(8481605, 8483490)",19
2025020224,"(8482178, 8482803)",28
2025020224,"(8482178, 8483490)",508
2025020224,"(8482803, 8483490)",1
2025020242,"(8476885, 8481563)",7
2025020242,"(8476885, 8481605)",144
2025020242,"(8476885, 8482178)",4
2025020242,"(8476885, 8482803)",1166
2025020242,"(8476885, 8483490)",19
2025020242,"(8481563, 8481605)",1067
2025020242,"(8481563, 8482178)",31
2025020242,"(8481563, 8482803)",73
2025020242,"(8481563, 8483490)",70
2025020242,"(8481605, 8482178)",42
2025020242,"(8481605, 8482803)",38
2025020242,"(8481605, 8483490)",2
2025020242,"(8482178, 8482803)",25
2025020242,"(8482178, 8483490)",627
2025020242,"(8482803, 8483490)",0
2025020251,"(8476885, 8481563)",4
2025020251,"(8476885, 8481605)",13
2025020251,"(8476885, 8482178)",177
2025020251,"(8476885, 8482803)",902
2025020251,"(8476885, 8483490)",32
2025020251,"(8481563, 8481605)",819
2025020251,"(8481563, 8482178)",9
2025020251,"(8481563, 8482803)",16
2025020251,"(8481563, 8483490)",44
2025020251,"(8481605, 8482178)",75
2025020251,"(8481605, 8482803)",0
2025020251,"(8481605, 8483490)",3
2025020251,"(8482178, 8482803)",5
2025020251,"(8482178, 8483490)",636
2025020251,"(8482803, 8483490)",1
2025020262,"(8476885, 8481563)",7
2025020262,"(8476885, 8481605)",48
2025020262,"(8476885, 8482178)",12
2025020262,"(8476885, 8482803)",770
2025020262,"(8476885, 8483490)",72
2025020262,"(8481563, 8481605)",794
2025020262,"(8481563, 8482178)",79
2025020262,"(8481563, 8482803)",138
2025020262,"(8481563, 8483490)",21
2025020262,"(8481605, 8482178)",32
2025020262,"(8481605, 8482803)",8
2025020262,"(8481605, 8483490)",4
2025020262,"(8482178, 8482803)",51
2025020262,"(8482178, 8483490)",673
2025020262,"(8482803, 8483490)",11
2025020272,"(8476885, 8481563)",0
2025020272,"(8476885, 8481605)",216
2025020272,"(8476885, 8482178)",4
2025020272,"(8476885, 8482803)",688
2025020272,"(8476885, 8483490)",60
2025020272,"(8481563, 8481605)",569
2025020272,"(8481563, 8482178)",101
2025020272,"(8481563, 8482803)",104
2025020272,"(8481563, 8483490)",56
2025020272,"(8481605, 8482178)",58
2025020272,"(8481605, 8482803)",3
2025020272,"(8481605, 8483490)",1
2025020272,"(8482178, 8482803)",119
2025020272,"(8482178, 8483490)",637
2025020272,"(8482803, 8483490)",0
2025020284,"(8476885, 8481563)",7
2025020284,"(8476885, 8481605)",92
2025020284,"(8476885, 8482178)",30
2025020284,"(8476885, 8482803)",583
2025020284,"(8476885, 8483490)",148
2025020284,"(8481563, 8481605)",412
2025020284,"(8481563, 8482178)",132
2025020284,"(8481563, 8482803)",170
2025020284,"(8481563, 8483490)",29
2025020284,"(8481605, 8482178)",198
2025020284,"(8481605, 8482803)",5
2025020284,"(8481605, 8483490)",0
2025020284,"(8482178, 8482803)",170
2025020284,"(8482178, 8483490)",370
2025020284,"(8482803, 8483490)",1
2025020306,"(8475462, 8476885)",1
2025020306,"(8475462, 8481563)",35
2025020306,"(8475462, 8481605)",41
2025020306,"(8475462, 8482178)",615
2025020306,"(8475462, 8482803)",23
2025020306,"(8476885, 8481563)",4
2025020306,"(8476885, 8481605)",129
2025020306,"(8476885, 8482178)",37
2025020306,"(8476885, 8482803)",1108
2025020306,"(8481563, 8481605)",960
2025020306,"(8481563, 8482178)",11
2025020306,"(8481563, 8482803)",99
2025020306,"(8481605, 8482178)",51
2025020306,"(8481605, 8482803)",0
2025020306,"(8482178, 8482803)",0
2025020318,"(8475462, 8476885)",133
2025020318,"(8475462, 8481563)",3
2025020318,"(8475462, 8481605)",25
2025020318,"(8475462, 8482178)",706
2025020318,"(8475462, 8482803)",16
2025020318,"(8476885, 8481563)",2
2025020318,"(8476885, 8481605)",47
2025020318,"(8476885, 8482178)",23
2025020318,"(8476885, 8482803)",889
2025020318,"(8481563, 8481605)",1142
2025020318,"(8481563, 8482178)",44
2025020318,"(8481563, 8482803)",5
2025020318,"(8481605, 8482178)",5
2025020318,"(8481605, 8482803)",1
2025020318,"(8482178, 8482803)",74
2025020329,"(8475462, 8476885)",42
2025020329,"(8475462, 8481563)",277
2025020329,"(8475462, 8481605)",51
2025020329,"(8475462, 8482178)",508
2025020329,"(8475462, 8482803)",23
2025020329,"(8476885, 8481563)",4
2025020329,"(8476885, 8481605)",24
2025020329,"(8476885, 8482178)",20
2025020329,"(8476885, 8482803)",910
2025020329,"(8481563, 8481605)",567
2025020329,"(8481563, 8482178)",5
2025020329,"(8481563, 8482803)",93
2025020329,"(8481605, 8482178)",311
2025020329,"(8481605, 8482803)",1
2025020329,"(8482178, 8482803)",56
2025020346,"(8475462, 8476885)",3
2025020346,"(8475462, 8481563)",2
2025020346,"(8475462, 8481605)",167
2025020346,"(8475462, 8482803)",47
2025020346,"(8475462, 8483490)",835
2025020346,"(8476885, 8481563)",3
2025020346,"(8476885, 8481605)",504
2025020346,"(8476885, 8482803)",401
2025020346,"(8476885, 8483490)",183
2025020346,"(8481563, 8481605)",399
2025020346,"(8481563, 8482803)",249
2025020346,"(8481563, 8483490)",98
2025020346,"(8481605, 8482803)",0
2025020346,"(8481605, 8483490)",1
2025020346,"(8482803, 8483490)",2
2025020374,"(8475462, 8476885)",2
2025020374,"(8475462, 8481563)",4
2025020374,"(8475462, 8481605)",33
2025020374,"(8475462, 8482803)",5
2025020374,"(8475462, 8483490)",701
2025020374,"(8476885, 8481563)",1
2025020374,"(8476885, 8481605)",92
2025020374,"(8476885, 8482803)",774
2025020374,"(8476885, 8483490)",20
2025020374,"(8481563, 8481605)",678
2025020374,"(8481563, 8482803)",36
2025020374,"(8481563, 8483490)",42
2025020374,"(8481605, 8482803)",29
2025020374,"(8481605, 8483490)",5
2025020374,"(8482803, 8483490)",3
2025020384,"(8475462, 8476885)",1
2025020384,"(8475462, 8481563)",7
2025020384,"(8475462, 8481605)",1054
2025020384,"(8475462, 8482803)",64
2025020384,"(8475462, 8483490)",76
2025020384,"(8476885, 8481563)",2
2025020384,"(8476885, 8481605)",75
2025020384,"(8476885, 8482803)",880
2025020384,"(8476885, 8483490)",55
2025020384,"(8481563, 8481605)",165
2025020384,"(8481563, 8482803)",23
2025020384,"(8481563, 8483490)",882
2025020384,"(8481605, 8482803)",0
2025020384,"(8481605, 8483490)",1
2025020384,"(8482803, 8483490)",2
2025020403,"(8475462, 8476885)",3
2025020403,"(8475462, 8481563)",3
2025020403,"(8475462, 8481605)",528
2025020403,"(8475462, 8482803)",30
2025020403,"(8475462, 8483490)",325
2025020403,"(8476885, 8481563)",2
2025020403,"(8476885, 8481605)",199
2025020403,"(8476885, 8482803)",564
2025020403,"(8476885, 8483490)",91
2025020403,"(8481563, 8481605)",50
2025020403,"(8481563, 8482803)",333
2025020403,"(8481563, 8483490)",607
2025020403,"(8481605, 8482803)",0
2025020403,"(8481605, 8483490)",2
2025020403,"(8482803, 8483490)",0
2025020409,"(8475462, 8476885)",2
2025020409,"(8475462, 8481563)",24
2025020409,"(8475462, 8481605)",64
2025020409,"(8475462, 8482178)",101
2025020409,"(8475462, 8482803)",23
2025020409,"(8475462, 8483490)",614
2025020409,"(8476885, 8481563)",36
2025020409,"(8476885, 8481605)",29
2025020409,"(8476885, 8482178)",121
2025020409,"(8476885, 8482803)",484
2025020409,"(8476885, 8483490)",89
2025020409,"(8481563, 8481605)",635
2025020409,"(8481563, 8482178)",104
2025020409,"(8481563, 8482803)",2
2025020409,"(8481563, 8483490)",100
2025020409,"(8481605, 8482178)",297
2025020409,"(8481605, 8482803)",5
2025020409,"(8481605, 8483490)",1
2025020409,"(8482178, 8482803)",54
2025020409,"(8482178, 8483490)",111
2025020409,"(8482803, 8483490)",3
2025020424,"(8475462, 8476885)",126
2025020424,"(8475462, 8481563)",104
2025020424,"(8475462, 8481605)",11
2025020424,"(8475462, 8482178)",200
2025020424,"(8475462, 8482803)",151
2025020424,"(8475462, 8483490)",380
2025020424,"(8476885, 8481563)",1
2025020424,"(8476885, 8481605)",51
2025020424,"(8476885, 8482178)",157
2025020424,"(8476885, 8482803)",478
2025020424,"(8476885, 8483490)",128
2025020424,"(8481563, 8481605)",821
2025020424,"(8481563, 8482178)",82
2025020424,"(8481563, 8482803)",156
2025020424,"(8481563, 8483490)",56
2025020424,"(8481605, 8482178)",82
2025020424,"(8481605, 8482803)",2
2025020424,"(8481605, 8483490)",2
2025020424,"(8482178, 8482803)",285
2025020424,"(8482178, 8483490)",366
2025020424,"(8482803, 8483490)",17
2025020440,"(8475462, 8476885)",2
2025020440,"(8475462, 8481563)",14
2025020440,"(8475462, 8481605)",61
2025020440,"(8475462, 8482803)",632
2025020440,"(8475462, 8483490)",87
2025020440,"(8476885, 8481563)",4
2025020440,"(8476885, 8481605)",936
2025020440,"(8476885, 8482803)",50
2025020440,"(8476885, 8483490)",22
2025020440,"(8481563, 8481605)",34
2025020440,"(8481563, 8482803)",25
2025020440,"(8481563, 8483490)",739
2025020440,"(8481605, 8482803)",1
2025020440,"(8481605, 8483490)",4
2025020440,"(8482803, 8483490)",1
2025020460,"(8475462, 8476885)",5
2025020460,"(8475462, 8481563)",0
2025020460,"(8475462, 8481605)",26
2025020460,"(8475462, 8482803)",847
2025020460,"(8475462, 8483490)",13
2025020460,"(8476885, 8481563)",3
2025020460,"(8476885, 8481605)",945
2025020460,"(8476885, 8482803)",30
2025020460,"(8476885, 8483490)",52
2025020460,"(8481563, 8481605)",58
2025020460,"(8481563, 8482803)",21
2025020460,"(8481563, 8483490)",862
2025020460,"(8481605, 8482803)",2
2025020460,"(8481605, 8483490)",2
2025020460,"(8482803, 8483490)",1
2025020470,"(8475462, 8476885)",17
2025020470,"(8475462, 8481563)",39
2025020470,"(8475462, 8481605)",70
2025020470,"(8475462, 8482803)",836
2025020470,"(8475462, 8483490)",12
2025020470,"(8476885, 8481563)",4
2025020470,"(8476885, 8481605)",986
2025020470,"(8476885, 8482803)",20
2025020470,"(8476885, 8483490)",40
2025020470,"(8481563, 8481605)",110
2025020470,"(8481563, 8482803)",58
2025020470,"(8481563, 8483490)",753
2025020470,"(8481605, 8482803)",2
2025020470,"(8481605, 8483490)",1
2025020470,"(8482803, 8483490)",3
2025020482,"(8475462, 8476885)",1
2025020482,"(8475462, 8481563)",1
2025020482,"(8475462, 8481605)",66
2025020482,"(8475462, 8482803)",606
2025020482,"(8475462, 8483490)",66
2025020482,"(8476885, 8481563)",3
2025020482,"(8476885, 8481605)",1175
2025020482,"(8476885, 8482803)",36
2025020482,"(8476885, 8483490)",49
2025020482,"(8481563, 8481605)",31
2025020482,"(8481563, 8482803)",170
2025020482,"(8481563, 8483490)",695
2025020482,"(8481605, 8482803)",5
2025020482,"(8481605, 8483490)",0
2025020482,"(8482803, 8483490)",0
2025020495,"(8475462, 8476885)",1
2025020495,"(8475462, 8481563)",360
2025020495,"(8475462, 8481605)",31
2025020495,"(8475462, 8482178)",25
2025020495,"(8475462, 8482803)",246
2025020495,"(8476885, 8481563)",11
2025020495,"(8476885, 8481605)",936
2025020495,"(8476885, 8482178)",28
2025020495,"(8476885, 8482803)",39
2025020495,"(8481563, 8481605)",42
2025020495,"(8481563, 8482178)",498
2025020495,"(8481563, 8482803)",2
2025020495,"(8481605, 8482178)",19
2025020495,"(8481605, 8482803)",2
2025020495,"(8482178, 8482803)",567
2025020515,"(8475462, 8476885)",10
2025020515,"(8475462, 8481605)",60
2025020515,"(8475462, 8482178)",0
2025020515,"(8475462, 8482803)",45
2025020515,"(8475462, 8483490)",941
2025020515,"(8476885, 8481605)",1076
2025020515,"(8476885, 8482178)",23
2025020515,"(8476885, 8482803)",47
2025020515,"(8476885, 8483490)",18
2025020515,"(8481605, 8482178)",47
2025020515,"(8481605, 8482803)",1
2025020515,"(8481605, 8483490)",1
2025020515,"(8482178, 8482803)",479
2025020515,"(8482178, 8483490)",18
2025020515,"(8482803, 8483490)",1
2025020525,"(8475462, 8476885)",3
2025020525,"(8475462, 8481605)",43
2025020525,"(8475462, 8482178)",5
2025020525,"(8475462, 8482803)",43
2025020525,"(8475462, 8483490)",540
2025020525,"(8476885, 8481605)",1120
2025020525,"(8476885, 8482178)",41
2025020525,"(8476885, 8482803)",76
2025020525,"(8476885, 8483490)",27
2025020525,"(8481605, 8482178)",77
2025020525,"(8481605, 8482803)",18
2025020525,"(8481605, 8483490)",8
2025020525,"(8482178, 8482803)",742
2025020525,"(8482178, 8483490)",49
2025020525,"(8482803, 8483490)",1
2025020548,"(8475462, 8476885)",3
2025020548,"(8475462, 8481563)",4
2025020548,"(8475462, 8481605)",0
2025020548,"(8475462, 8482178)",139
2025020548,"(8475462, 8483490)",988
2025020548,"(8476885, 8481563)",0
2025020548,"(8476885, 8481605)",681
2025020548,"(8476885, 8482178)",8
2025020548,"(8476885, 8483490)",23
2025020548,"(8481563, 8481605)",71
2025020548,"(8481563, 8482178)",926
2025020548,"(8481563, 8483490)",8
2025020548,"(8481605, 8482178)",5
2025020548,"(8481605, 8483490)",1
2025020548,"(8482178, 8483490)",1
2025020560,"(8475462, 8476885)",1
2025020560,"(8475462, 8481605)",18
2025020560,"(8475462, 8482178)",4
2025020560,"(8475462, 8482803)",64
2025020560,"(8475462, 8483490)",942
2025020560,"(8476885, 8481605)",1114
2025020560,"(8476885, 8482178)",34
2025020560,"(8476885, 8482803)",44
2025020560,"(8476885, 8483490)",49
2025020560,"(8481605, 8482178)",24
2025020560,"(8481605, 8482803)",0
2025020560,"(8481605, 8483490)",0
2025020560,"(8482178, 8482803)",642
2025020560,"(8482178, 8483490)",11
2025020560,"(8482803, 8483490)",0
2025020573,"(8475462, 8476885)",9
2025020573,"(8475462, 8481605)",28
2025020573,"(8475462, 8482178)",1
2025020573,"(8475462, 8482803)",113
2025020573,"(8475462, 8483490)",908
2025020573,"(8476885, 8481605)",1027
2025020573,"(8476885, 8482178)",1
2025020573,"(8476885, 8482803)",22
2025020573,"(8476885, 8483490)",56
2025020573,"(8481605, 8482178)",105
2025020573,"(8481605, 8482803)",19
2025020573,"(8481605, 8483490)",10
2025020573,"(8482178, 8482803)",697
2025020573,"(8482178, 8483490)",43
2025020573,"(8482803, 8483490)",2
2025020597,"(8475462, 8476885)",4
2025020597,"(8475462, 8481563)",210
2025020597,"(8475462, 8481605)",157
2025020597,"(8475462, 8482178)",75
2025020597,"(8475462, 8482803)",661
2025020597,"(8476885, 8481563)",0
2025020597,"(8476885, 8481605)",606
2025020597,"(8476885, 8482178)",219
2025020597,"(8476885, 8482803)",50
2025020597,"(8481563, 8481605)",59
2025020597,"(8481563, 8482178)",374
2025020597,"(8481563, 8482803)",46
2025020597,"(8481605, 8482178)",71
2025020597,"(8481605, 8482803)",4
2025020597,"(8482178, 8482803)",395
2025020615,"(8476885, 8481563)",3
2025020615,"(8476885, 8481605)",154
2025020615,"(8476885, 8482178)",2
2025020615,"(8476885, 8482803)",835
2025020615,"(8476885, 8483490)",200
2025020615,"(8481563, 8481605)",508
2025020615,"(8481563, 8482178)",3
2025020615,"(8481563, 8482803)",17
2025020615,"(8481563, 8483490)",139
2025020615,"(8481605, 8482178)",291
2025020615,"(8481605, 8482803)",0
2025020615,"(8481605, 8483490)",0
2025020615,"(8482178, 8482803)",21
2025020615,"(8482178, 8483490)",640
2025020615,"(8482803, 8483490)",0
2025020624,"(8476885, 8481563)",2
2025020624,"(8476885, 8481605)",927
2025020624,"(8476885, 8482178)",5
2025020624,"(8476885, 8482803)",101
2025020624,"(8476885, 8483490)",116
2025020624,"(8481563, 8481605)",27
2025020624,"(8481563, 8482178)",2
2025020624,"(8481563, 8482803)",687
2025020624,"(8481563, 8483490)",88
2025020624,"(8481605, 8482178)",40
2025020624,"(8481605, 8482803)",16
2025020624,"(8481605, 8483490)",1
2025020624,"(8482178, 8482803)",20
2025020624,"(8482178, 8483490)",890
2025020624,"(8482803, 8483490)",3
2025020643,"(8475462, 8476885)",1
2025020643,"(8475462, 8481605)",3
2025020643,"(8475462, 8482178)",32
2025020643,"(8475462, 8482803)",738
2025020643,"(8475462, 8483490)",104
2025020643,"(8476885, 8481605)",952
2025020643,"(8476885, 8482178)",1
2025020643,"(8476885, 8482803)",55
2025020643,"(8476885, 8483490)",49
2025020643,"(8481605, 8482178)",106
2025020643,"(8481605, 8482803)",0
2025020643,"(8481605, 8483490)",0
2025020643,"(8482178, 8482803)",92
2025020643,"(8482178, 8483490)",983
2025020643,"(8482803, 8483490)",1
2025020663,"(8475462, 8476885)",3
2025020663,"(8475462, 8481605)",442
2025020663,"(8475462, 8482178)",2
2025020663,"(8475462, 8482803)",420
2025020663,"(8475462, 8483490)",58
2025020663,"(8476885, 8481605)",321
2025020663,"(8476885, 8482178)",6
2025020663,"(8476885, 8482803)",627
2025020663,"(8476885, 8483490)",31
2025020663,"(8481605, 8482178)",86
2025020663,"(8481605, 8482803)",0
2025020663,"(8481605, 8483490)",0
2025020663,"(8482178, 8482803)",64
2025020663,"(8482178, 8483490)",1000
2025020663,"(8482803, 8483490)",2
2025020670,"(8475462, 8476885)",25
2025020670,"(8475462, 8481563)",112
2025020670,"(8475462, 8481605)",181
2025020670,"(8475462, 8482178)",44
2025020670,"(8475462, 8482803)",175
2025020670,"(8475462, 8483490)",176
2025020670,"(8476885, 8481563)",18
2025020670,"(8476885, 8481605)",97
2025020670,"(8476885, 8482178)",57
2025020670,"(8476885, 8482803)",353
2025020670,"(8476885, 8483490)",241
2025020670,"(8481563, 8481605)",207
2025020670,"(8481563, 8482178)",26
2025020670,"(8481563, 8482803)",33
2025020670,"(8481563, 8483490)",110
2025020670,"(8481605, 8482178)",218
2025020670,"(8481605, 8482803)",102
2025020670,"(8481605, 8483490)",0
2025020670,"(8482178, 8482803)",141
2025020670,"(8482178, 8483490)",143
2025020670,"(8482803, 8483490)",80
2025020688,"(8475462, 8476885)",6
2025020688,"(8475462, 8481563)",0
2025020688,"(8475462, 8481605)",913
2025020688,"(8475462, 8482803)",106
2025020688,"(8475462, 8483490)",104
2025020688,"(8476885, 8481563)",6
2025020688,"(8476885, 8481605)",96
2025020688,"(8476885, 8482803)",680
2025020688,"(8476885, 8483490)",258
2025020688,"(8481563, 8481605)",5
2025020688,"(8481563, 8482803)",155
2025020688,"(8481563, 8483490)",536
2025020688,"(8481605, 8482803)",4
2025020688,"(8481605, 8483490)",61
2025020688,"(8482803, 8483490)",0
2025020701,"(8475462, 8481563)",4
2025020701,"(8475462, 8481605)",69
2025020701,"(8475462, 8482178)",0
2025020701,"(8475462, 8482803)",912
2025020701,"(8475462, 8483490)",62
2025020701,"(8481563, 8481605)",103
2025020701,"(8481563, 8482178)",4
2025020701,"(8481563, 8482803)",62
2025020701,"(8481563, 8483490)",909
2025020701,"(8481605, 8482178)",813
2025020701,"(8481605, 8482803)",106
2025020701,"(8481605, 8483490)",1
2025020701,"(8482178, 8482803)",5
2025020701,"(8482178, 8483490)",42
2025020701,"(8482803, 8483490)",5
2025020734,"(8475462, 8476885)",11
2025020734,"(8475462, 8481563)",1
2025020734,"(8475462, 8481605)",15
2025020734,"(8475462, 8482178)",190
2025020734,"(8475462, 8482803)",736
2025020734,"(8475462, 8483490)",83
2025020734,"(8476885, 8481563)",6
2025020734,"(8476885, 8481605)",1038
2025020734,"(8476885, 8482178)",147
2025020734,"(8476885, 8482803)",48
2025020734,"(8476885, 8483490)",114
2025020734,"(8481563, 8481605)",51
2025020734,"(8481563, 8482178)",159
2025020734,"(8481563, 8482803)",64
2025020734,"(8481563, 8483490)",822
2025020734,"(8481605, 8482178)",127
2025020734,"(8481605, 8482803)",2
2025020734,"(8481605, 8483490)",1
2025020734,"(8482178, 8482803)",183
2025020734,"(8482178, 8483490)",179
2025020734,"(8482803, 8483490)",8
2025020753,"(8475462, 8476885)",3
2025020753,"(8475462, 8481563)",7
2025020753,"(8475462, 8481605)",83
2025020753,"(8475462, 8482178)",189
2025020753,"(8475462, 8482803)",794
2025020753,"(8475462, 8483490)",41
2025020753,"(8476885, 8481563)",1
2025020753,"(8476885, 8481605)",1150
2025020753,"(8476885, 8482178)",442
2025020753,"(8476885, 8482803)",12
2025020753,"(8476885, 8483490)",69
2025020753,"(8481563, 8481605)",51
2025020753,"(8481563, 8482178)",47
2025020753,"(8481563, 8482803)",14
2025020753,"(8481563, 8483490)",578
2025020753,"(8481605, 8482178)",421
2025020753,"(8481605, 8482803)",0
2025020753,"(8481605, 8483490)",1
2025020753,"(8482178, 8482803)",144
2025020753,"(8482178, 8483490)",108
2025020753,"(8482803, 8483490)",2
2025020766,"(8475462, 8476885)",14
2025020766,"(8475462, 8481563)",3
2025020766,"(8475462, 8481605)",1
2025020766,"(8475462, 8482178)",132
2025020766,"(8475462, 8482803)",746
2025020766,"(8475462, 8483490)",70
2025020766,"(8476885, 8481563)",16
2025020766,"(8476885, 8481605)",831
2025020766,"(8476885, 8482178)",169
2025020766,"(8476885, 8482803)",49
2025020766,"(8476885, 8483490)",105
2025020766,"(8481563, 8481605)",98
2025020766,"(8481563, 8482178)",97
2025020766,"(8481563, 8482803)",61
2025020766,"(8481563, 8483490)",683
2025020766,"(8481605, 8482178)",159
2025020766,"(8481605, 8482803)",1
2025020766,"(8481605, 8483490)",0
2025020766,"(8482178, 8482803)",132
2025020766,"(8482178, 8483490)",103
2025020766,"(8482803, 8483490)",3
2025020779,"(8475462, 8476885)",2
2025020779,"(8475462, 8481563)",4
2025020779,"(8475462, 8481605)",79
2025020779,"(8475462, 8482178)",245
2025020779,"(8475462, 8482803)",779
2025020779,"(8475462, 8483490)",79
2025020779,"(8476885, 8481563)",0
2025020779,"(8476885, 8481605)",941
2025020779,"(8476885, 8482178)",173
2025020779,"(8476885, 8482803)",24
2025020779,"(8476885, 8483490)",103
2025020779,"(8481563, 8481605)",116
2025020779,"(8481563, 8482178)",151
2025020779,"(8481563, 8482803)",68
2025020779,"(8481563, 8483490)",656
2025020779,"(8481605, 8482178)",213
2025020779,"(8481605, 8482803)",0
2025020779,"(8481605, 8483490)",0
2025020779,"(8482178, 8482803)",214
2025020779,"(8482178, 8483490)",141
2025020779,"(8482803, 8483490)",0
2025020789,"(8475462, 8476885)",5
2025020789,"(8475462, 8481563)",3
2025020789,"(8475462, 8481605)",40
2025020789,"(8475462, 8482178)",135
2025020789,"(8475462, 8482803)",656
2025020789,"(8475462, 8483490)",28
2025020789,"(8476885, 8481563)",3
2025020789,"(8476885, 8481605)",1303
2025020789,"(8476885, 8482178)",261
2025020789,"(8476885, 8482803)",63
2025020789,"(8476885, 8483490)",46
2025020789,"(8481563, 8481605)",74
2025020789,"(8481563, 8482178)",168
2025020789,"(8481563, 8482803)",6
2025020789,"(8481563, 8483490)",1003
2025020789,"(8481605, 8482178)",263
2025020789,"(8481605, 8482803)",1
2025020789,"(8481605, 8483490)",1
2025020789,"(8482178, 8482803)",145
2025020789,"(8482178, 8483490)",158
2025020789,"(8482803, 8483490)",3
2025020809,"(8475462, 8476885)",2
2025020809,"(8475462, 8481563)",2
2025020809,"(8475462, 8481605)",46
2025020809,"(8475462, 8482178)",242
2025020809,"(8475462, 8482803)",801
2025020809,"(8475462, 8483490)",3
2025020809,"(8476885, 8481563)",2
2025020809,"(8476885, 8481605)",1006
2025020809,"(8476885, 8482178)",328
2025020809,"(8476885, 8482803)",29
2025020809,"(8476885, 8483490)",112
2025020809,"(8481563, 8481605)",131
2025020809,"(8481563, 8482178)",218
2025020809,"(8481563, 8482803)",63
2025020809,"(8481563, 8483490)",898
2025020809,"(8481605, 8482178)",333
2025020809,"(8481605, 8482803)",1
2025020809,"(8481605, 8483490)",1
2025020809,"(8482178, 8482803)",254
2025020809,"(8482178, 8483490)",199
2025020809,"(8482803, 8483490)",2
2025020824,"(8475462, 8476885)",6
2025020824,"(8475462, 8481563)",2
2025020824,"(8475462, 8481605)",149
2025020824,"(8475462, 8482178)",106
2025020824,"(8475462, 8482803)",846
2025020824,"(8475462, 8483490)",291
2025020824,"(8476885, 8481563)",2
2025020824,"(8476885, 8481605)",1058
2025020824,"(8476885, 8482178)",286
2025020824,"(8476885, 8482803)",130
2025020824,"(8476885, 8483490)",81
2025020824,"(8481563, 8481605)",32
2025020824,"(8481563, 8482178)",178
2025020824,"(8481563, 8482803)",5
2025020824,"(8481563, 8483490)",625
2025020824,"(8481605, 8482178)",313
2025020824,"(8481605, 8482803)",2
2025020824,"(8481605, 8483490)",42
2025020824,"(8482178, 8482803)",92
2025020824,"(8482178, 8483490)",242
2025020824,"(8482803, 8483490)",5
2025020829,"(8475462, 8476885)",1
2025020829,"(8475462, 8481563)",1
2025020829,"(8475462, 8481605)",45
2025020829,"(8475462, 8482178)",173
2025020829,"(8475462, 8482803)",771
2025020829,"(8475462, 8483490)",0
2025020829,"(8476885, 8481563)",3
2025020829,"(8476885, 8481605)",980
2025020829,"(8476885, 8482178)",314
2025020829,"(8476885, 8482803)",33
2025020829,"(8476885, 8483490)",134
2025020829,"(8481563, 8481605)",91
2025020829,"(8481563, 8482178)",253
2025020829,"(8481563, 8482803)",6
2025020829,"(8481563, 8483490)",800
2025020829,"(8481605, 8482178)",265
2025020829,"(8481605, 8482803)",5
2025020829,"(8481605, 8483490)",2
2025020829,"(8482178, 8482803)",193
2025020829,"(8482178, 8483490)",286
2025020829,"(8482803, 8483490)",3
2025020855,"(8475462, 8476885)",3
2025020855,"(8475462, 8481563)",3
2025020855,"(8475462, 8481605)",39
2025020855,"(8475462, 8482178)",123
2025020855,"(8475462, 8482803)",621
2025020855,"(8475462, 8483490)",95
2025020855,"(8476885, 8481563)",8
2025020855,"(8476885, 8481605)",998
2025020855,"(8476885, 8482178)",165
2025020855,"(8476885, 8482803)",81
2025020855,"(8476885, 8483490)",101
2025020855,"(8481563, 8481605)",69
2025020855,"(8481563, 8482178)",218
2025020855,"(8481563, 8482803)",14
2025020855,"(8481563, 8483490)",755
2025020855,"(8481605, 8482178)",171
2025020855,"(8481605, 8482803)",29
2025020855,"(8481605, 8483490)",3
2025020855,"(8482178, 8482803)",54
2025020855,"(8482178, 8483490)",281
2025020855,"(8482803, 8483490)",0
2025020875,"(8475462, 8476885)",4
2025020875,"(8475462, 8481605)",12
2025020875,"(8475462, 8482178)",4
2025020875,"(8475462, 8482803)",822
2025020875,"(8475462, 8483490)",45
2025020875,"(8476885, 8481605)",1114
2025020875,"(8476885, 8482178)",4
2025020875,"(8476885, 8482803)",7
2025020875,"(8476885, 8483490)",96
2025020875,"(8481605, 8482178)",110
2025020875,"(8481605, 8482803)",0
2025020875,"(8481605, 8483490)",1
2025020875,"(8482178, 8482803)",15
2025020875,"(8482178, 8483490)",905
2025020875,"(8482803, 8483490)",0
2025020892,"(8475462, 8476885)",0
2025020892,"(8475462, 8481605)",5
2025020892,"(8475462, 8482178)",8
2025020892,"(8475462, 8482803)",926
2025020892,"(8475462, 8483490)",56
2025020892,"(8476885, 8481605)",890
2025020892,"(8476885, 8482178)",0
2025020892,"(8476885, 8482803)",81
2025020892,"(8476885, 8483490)",10
2025020892,"(8481605, 8482178)",26
2025020892,"(8481605, 8482803)",0
2025020892,"(8481605, 8483490)",2
2025020892,"(8482178, 8482803)",26
2025020892,"(8482178, 8483490)",848
2025020892,"(8482803, 8483490)",1
2025020917,"(8475462, 8476885)",2
2025020917,"(8475462, 8481605)",129
2025020917,"(8475462, 8482178)",0
2025020917,"(8475462, 8482803)",549
2025020917,"(8475462, 8483490)",75
2025020917,"(8476885, 8481605)",781
2025020917,"(8476885, 8482178)",29
2025020917,"(8476885, 8482803)",59
2025020917,"(8476885, 8483490)",122
2025020917,"(8481605, 8482178)",194
2025020917,"(8481605, 8482803)",2
2025020917,"(8481605, 8483490)",0
2025020917,"(8482178, 8482803)",303
2025020917,"(8482178, 8483490)",576
2025020917,"(8482803, 8483490)",1
2025020933,"(8475462, 8476885)",1
2025020933,"(8475462, 8481563)",1
2025020933,"(8475462, 8481605)",124
2025020933,"(8475462, 8482178)",165
2025020933,"(8475462, 8482803)",648
2025020933,"(8475462, 8483490)",38
2025020933,"(8476885, 8481563)",2
2025020933,"(8476885, 8481605)",1030
2025020933,"(8476885, 8482178)",257
2025020933,"(8476885, 8482803)",56
2025020933,"(8476885, 8483490)",104
2025020933,"(8481563, 8481605)",145
2025020933,"(8481563, 8482178)",98
2025020933,"(8481563, 8482803)",14
2025020933,"(8481563, 8483490)",775
2025020933,"(8481605, 8482178)",294
2025020933,"(8481605, 8482803)",3
2025020933,"(8481605, 8483490)",0
2025020933,"(8482178, 8482803)",132
2025020933,"(8482178, 8483490)",91
2025020933,"(8482803, 8483490)",0
2025020952,"(8475462, 8476885)",5
2025020952,"(8475462, 8481563)",1
2025020952,"(8475462, 8481605)",36
2025020952,"(8475462, 8482178)",208
2025020952,"(8475462, 8482803)",698
2025020952,"(8475462, 8483490)",30
2025020952,"(8476885, 8481563)",2
2025020952,"(8476885, 8481605)",540
2025020952,"(8476885, 8482178)",106
2025020952,"(8476885, 8482803)",48
2025020952,"(8476885, 8483490)",527
2025020952,"(8481563, 8481605)",479
2025020952,"(8481563, 8482178)",174
2025020952,"(8481563, 8482803)",3
2025020952,"(8481563, 8483490)",400
2025020952,"(8481605, 8482178)",158
2025020952,"(8481605, 8482803)",0
2025020952,"(8481605, 8483490)",1
2025020952,"(8482178, 8482803)",184
2025020952,"(8482178, 8483490)",150
2025020952,"(8482803, 8483490)",1
2025020968,"(8475462, 8476885)",3
2025020968,"(8475462, 8481563)",1
2025020968,"(8475462, 8481605)",36
2025020968,"(8475462, 8482178)",346
2025020968,"(8475462, 8482803)",809
2025020968,"(8475462, 8483490)",99
2025020968,"(8476885, 8481563)",3
2025020968,"(8476885, 8481605)",760
2025020968,"(8476885, 8482178)",189
2025020968,"(8476885, 8482803)",71
2025020968,"(8476885, 8483490)",85
2025020968,"(8481563, 8481605)",132
2025020968,"(8481563, 8482178)",66
2025020968,"(8481563, 8482803)",103
2025020968,"(8481563, 8483490)",722
2025020968,"(8481605, 8482178)",149
2025020968,"(8481605, 8482803)",0
2025020968,"(8481605, 8483490)",0
2025020968,"(8482178, 8482803)",297
2025020968,"(8482178, 8483490)",154
2025020968,"(8482803, 8483490)",3
2025020973,"(8475462, 8476885)",2
2025020973,"(8475462, 8481605)",39
2025020973,"(8475462, 8482178)",1
2025020973,"(8475462, 8482803)",765
2025020973,"(8475462, 8483490)",111
2025020973,"(8476885, 8481605)",643
2025020973,"(8476885, 8482178)",5
2025020973,"(8476885, 8482803)",82
2025020973,"(8476885, 8483490)",104
2025020973,"(8481605, 8482178)",30
2025020973,"(8481605, 8482803)",1
2025020973,"(8481605, 8483490)",0
2025020973,"(8482178, 8482803)",45
2025020973,"(8482178, 8483490)",578
2025020973,"(8482803, 8483490)",1
2025020987,"(8475462, 8476885)",14
2025020987,"(8475462, 8481605)",41
2025020987,"(8475462, 8482178)",4
2025020987,"(8475462, 8482803)",844
2025020987,"(8475462, 8483490)",67
2025020987,"(8476885, 8481605)",1251
2025020987,"(8476885, 8482178)",4
2025020987,"(8476885, 8482803)",17
2025020987,"(8476885, 8483490)",59
2025020987,"(8481605, 8482178)",68
2025020987,"(8481605, 8482803)",29
2025020987,"(8481605, 8483490)",1
2025020987,"(8482178, 8482803)",26
2025020987,"(8482178, 8483490)",694
2025020987,"(8482803, 8483490)",0
2025021006,"(8475462, 8476885)",0
2025021006,"(8475462, 8481605)",3
2025021006,"(8475462, 8482178)",8
2025021006,"(8475462, 8482803)",374
2025021006,"(8475462, 8483490)",302
2025021006,"(8476885, 8481605)",599
2025021006,"(8476885, 8482178)",3
2025021006,"(8476885, 8482803)",179
2025021006,"(8476885, 8483490)",78
2025021006,"(8481605, 8482178)",181
2025021006,"(8481605, 8482803)",1
2025021006,"(8481605, 8483490)",4
2025021006,"(8482178, 8482803)",266
2025021006,"(8482178, 8483490)",383
2025021006,"(8482803, 8483490)",0
2025021022,"(8475462, 8476885)",5
2025021022,"(8475462, 8481605)",132
2025021022,"(8475462, 8482178)",0
2025021022,"(8475462, 8482803)",682
2025021022,"(8475462, 8483490)",49
2025021022,"(8476885, 8481605)",1041
2025021022,"(8476885, 8482178)",3
2025021022,"(8476885, 8482803)",68
2025021022,"(8476885, 8483490)",61
2025021022,"(8481605, 8482178)",201
2025021022,"(8481605, 8482803)",3
2025021022,"(8481605, 8483490)",1
2025021022,"(8482178, 8482803)",15
2025021022,"(8482178, 8483490)",652
2025021022,"(8482803, 8483490)",3
2025021029,"(8475462, 8476885)",1
2025021029,"(8475462, 8481563)",2
2025021029,"(8475462, 8481605)",154
2025021029,"(8475462, 8482178)",17
2025021029,"(8475462, 8482803)",277
2025021029,"(8475462, 8483490)",104
2025021029,"(8476885, 8481563)",2
2025021029,"(8476885, 8481605)",534
2025021029,"(8476885, 8482178)",208
2025021029,"(8476885, 8482803)",77
2025021029,"(8476885, 8483490)",173
2025021029,"(8481563, 8481605)",177
2025021029,"(8481563, 8482178)",186
2025021029,"(8481563, 8482803)",173
2025021029,"(8481563, 8483490)",335
2025021029,"(8481605, 8482178)",121
2025021029,"(8481605, 8482803)",7
2025021029,"(8481605, 8483490)",0
2025021029,"(8482178, 8482803)",79
2025021029,"(8482178, 8483490)",235
2025021029,"(8482803, 8483490)",1
2025021043,"(8476885, 8481563)",5
2025021043,"(8476885, 8481605)",732
2025021043,"(8476885, 8482178)",7
2025021043,"(8476885, 8482803)",193
2025021043,"(8476885, 8483490)",48
2025021043,"(8481563, 8481605)",59
2025021043,"(8481563, 8482178)",90
2025021043,"(8481563, 8482803)",205
2025021043,"(8481563, 8483490)",377
2025021043,"(8481605, 8482178)",100
2025021043,"(8481605, 8482803)",0
2025021043,"(8481605, 8483490)",2
2025021043,"(8482178, 8482803)",577
2025021043,"(8482178, 8483490)",127
2025021043,"(8482803, 8483490)",0
2025021059,"(8474590, 8476885)",21
2025021059,"(8474590, 8481605)",34
2025021059,"(8474590, 8482178)",1
2025021059,"(8474590, 8482803)",781
2025021059,"(8474590, 8483490)",145
2025021059,"(8476885, 8481605)",911
2025021059,"(8476885, 8482178)",4
2025021059,"(8476885, 8482803)",51
2025021059,"(8476885, 8483490)",57
2025021059,"(8481605, 8482178)",126
2025021059,"(8481605, 8482803)",1
2025021059,"(8481605, 8483490)",1
2025021059,"(8482178, 8482803)",33
2025021059,"(8482178, 8483490)",635
2025021059,"(8482803, 8483490)",2
2025021082,"(8474590, 8476885)",47
2025021082,"(8474590, 8481605)",222
2025021082,"(8474590, 8482178)",43
2025021082,"(8474590, 8482803)",442
2025021082,"(8474590, 8483490)",239
2025021082,"(8476885, 8481605)",744
2025021082,"(8476885, 8482178)",9
2025021082,"(8476885, 8482803)",27
2025021082,"(8476885, 8483490)",86
2025021082,"(8481605, 8482178)",79
2025021082,"(8481605, 8482803)",0
2025021082,"(8481605, 8483490)",1
2025021082,"(8482178, 8482803)",38
2025021082,"(8482178, 8483490)",578
2025021082,"(8482803, 8483490)",1
2025021098,"(8474590, 8476885)",7
2025021098,"(8474590, 8481605)",108
2025021098,"(8474590, 8482178)",3
2025021098,"(8474590, 8482803)",3
2025021098,"(8474590, 8483490)",856
2025021098,"(8476885, 8481605)",778
2025021098,"(8476885, 8482178)",3
2025021098,"(8476885, 8482803)",94
2025021098,"(8476885, 8483490)",168
2025021098,"(8481605, 8482178)",35
2025021098,"(8481605, 8482803)",1
2025021098,"(8481605, 8483490)",6
2025021098,"(8482178, 8482803)",520
2025021098,"(8482178, 8483490)",42
2025021098,"(8482803, 8483490)",5
2025021117,"(8474590, 8476885)",13
2025021117,"(8474590, 8481605)",105
2025021117,"(8474590, 8482178)",2
2025021117,"(8474590, 8482803)",41
2025021117,"(8474590, 8483490)",970
2025021117,"(8476885, 8481605)",1130
2025021117,"(8476885, 8482178)",1
2025021117,"(8476885, 8482803)",28
2025021117,"(8476885, 8483490)",77
2025021117,"(8481605, 8482178)",50
2025021117,"(8481605, 8482803)",0
2025021117,"(8481605, 8483490)",16
2025021117,"(8482178, 8482803)",537
2025021117,"(8482178, 8483490)",3
2025021117,"(8482803, 8483490)",0
2025021134,"(8474590, 8475462)",5
2025021134,"(8474590, 8476885)",8
2025021134,"(8474590, 8481605)",175
2025021134,"(8474590, 8482178)",61
2025021134,"(8474590, 8483490)",1010
2025021134,"(8475462, 8476885)",5
2025021134,"(8475462, 8481605)",47
2025021134,"(8475462, 8482178)",787
2025021134,"(8475462, 8483490)",6
2025021134,"(8476885, 8481605)",853
2025021134,"(8476885, 8482178)",2
2025021134,"(8476885, 8483490)",94
2025021134,"(8481605, 8482178)",9
2025021134,"(8481605, 8483490)",19
2025021134,"(8482178, 8483490)",8
2025021147,"(8474590, 8475462)",3
2025021147,"(8474590, 8476885)",3
2025021147,"(8474590, 8481605)",201
2025021147,"(8474590, 8482178)",143
2025021147,"(8474590, 8482803)",197
2025021147,"(8474590, 8483490)",801
2025021147,"(8475462, 8476885)",1
2025021147,"(8475462, 8481605)",4
2025021147,"(8475462, 8482178)",132
2025021147,"(8475462, 8482803)",360
2025021147,"(8475462, 8483490)",148
2025021147,"(8476885, 8481605)",995
2025021147,"(8476885, 8482178)",332
2025021147,"(8476885, 8482803)",161
2025021147,"(8476885, 8483490)",31
2025021147,"(8481605, 8482178)",258
2025021147,"(8481605, 8482803)",3
2025021147,"(8481605, 8483490)",3
2025021147,"(8482178, 8482803)",192
2025021147,"(8482178, 8483490)",101
2025021147,"(8482803, 8483490)",1
2025021154,"(8474590, 8476885)",82
2025021154,"(8474590, 8481563)",1
2025021154,"(8474590, 8481605)",347
2025021154,"(8474590, 8482178)",614
2025021154,"(8474590, 8482803)",123
2025021154,"(8476885, 8481563)",0
2025021154,"(8476885, 8481605)",715
2025021154,"(8476885, 8482178)",2
2025021154,"(8476885, 8482803)",146
2025021154,"(8481563, 8481605)",88
2025021154,"(8481563, 8482178)",43
2025021154,"(8481563, 8482803)",510
2025021154,"(8481605, 8482178)",3
2025021154,"(8481605, 8482803)",0
2025021154,"(8482178, 8482803)",0
2025021176,"(8474590, 8475462)",0
2025021176,"(8474590, 8476885)",4
2025021176,"(8474590, 8481605)",202
2025021176,"(8474590, 8482178)",254
2025021176,"(8474590, 8482803)",214
2025021176,"(8474590, 8483490)",665
2025021176,"(8475462, 8476885)",0
2025021176,"(8475462, 8481605)",34
2025021176,"(8475462, 8482178)",137
2025021176,"(8475462, 8482803)",394
2025021176,"(8475462, 8483490)",0
2025021176,"(8476885, 8481605)",865
2025021176,"(8476885, 8482178)",292
2025021176,"(8476885, 8482803)",96
2025021176,"(8476885, 8483490)",234
2025021176,"(8481605, 8482178)",307
2025021176,"(8481605, 8482803)",3
2025021176,"(8481605, 8483490)",21
2025021176,"(8482178, 8482803)",269
2025021176,"(8482178, 8483490)",134
2025021176,"(8482803, 8483490)",2
2025021190,"(8474590, 8476885)",25
2025021190,"(8474590, 8481563)",2
2025021190,"(8474590, 8481605)",55
2025021190,"(8474590, 8482178)",983
2025021190,"(8474590, 8482803)",46
2025021190,"(8476885, 8481563)",2
2025021190,"(8476885, 8481605)",998
2025021190,"(8476885, 8482178)",18
2025021190,"(8476885, 8482803)",14
2025021190,"(8481563, 8481605)",69
2025021190,"(8481563, 8482178)",15
2025021190,"(8481563, 8482803)",585
2025021190,"(8481605, 8482178)",0
2025021190,"(8481605, 8482803)",5
2025021190,"(8482178, 8482803)",12
2025021206,"(8474590, 8476885)",2
2025021206,"(8474590, 8481563)",408
2025021206,"(8474590, 8481605)",50
2025021206,"(8474590, 8482178)",218
2025021206,"(8474590, 8482803)",227
2025021206,"(8476885, 8481563)",2
2025021206,"(8476885, 8481605)",906
2025021206,"(8476885, 8482178)",0
2025021206,"(8476885, 8482803)",19
2025021206,"(8481563, 8481605)",60
2025021206,"(8481563, 8482178)",13
2025021206,"(8481563, 8482803)",396
2025021206,"(8481605, 8482178)",61
2025021206,"(8481605, 8482803)",0
2025021206,"(8482178, 8482803)",264
2025021219,"(8474590, 8476885)",3
2025021219,"(8474590, 8481563)",3
2025021219,"(8474590, 8481605)",139
2025021219,"(8474590, 8482178)",77
2025021219,"(8474590, 8482731)",955
2025021219,"(8474590, 8482803)",31
2025021219,"(8476885, 8481563)",13
2025021219,"(8476885, 8481605)",868
2025021219,"(8476885, 8482178)",270
2025021219,"(8476885, 8482731)",246
2025021219,"(8476885, 8482803)",53
2025021219,"(8481563, 8481605)",62
2025021219,"(8481563, 8482178)",154
2025021219,"(8481563, 8482731)",144
2025021219,"(8481563, 8482803)",529
2025021219,"(8481605, 8482178)",128
2025021219,"(8481605, 8482731)",1
2025021219,"(8481605, 8482803)",0
2025021219,"(8482178, 8482731)",254
2025021219,"(8482178, 8482803)",114
2025021219,"(8482731, 8482803)",1
2025021243,"(8474590, 8476885)",6
2025021243,"(8474590, 8481563)",2
2025021243,"(8474590, 8481605)",106
2025021243,"(8474590, 8482178)",101
2025021243,"(8474590, 8482731)",61
2025021243,"(8474590, 8482803)",121
2025021243,"(8474590, 8483490)",783
2025021243,"(8476885, 8481563)",0
2025021243,"(8476885, 8481605)",780
2025021243,"(8476885, 8482178)",145
2025021243,"(8476885, 8482731)",37
2025021243,"(8476885, 8482803)",176
2025021243,"(8476885, 8483490)",22
2025021243,"(8481563, 8481605)",32
2025021243,"(8481563, 8482178)",159
2025021243,"(8481563, 8482731)",531
2025021243,"(8481563, 8482803)",171
2025021243,"(8481563, 8483490)",48
2025021243,"(8481605, 8482178)",114
2025021243,"(8481605, 8482731)",0
2025021243,"(8481605, 8482803)",173
2025021243,"(8481605, 8483490)",0
2025021243,"(8482178, 8482731)",164
2025021243,"(8482178, 8482803)",369
2025021243,"(8482178, 8483490)",121
2025021243,"(8482731, 8482803)",168
2025021243,"(8482731, 8483490)",1
2025021243,"(8482803, 8483490)",126
2025021258,"(8474590, 8476885)",10
2025021258,"(8474590, 8481563)",3
2025021258,"(8474590, 8481605)",48
2025021258,"(8474590, 8482178)",150
2025021258,"(8474590, 8482731)",69
2025021258,"(8474590, 8483490)",934
2025021258,"(8476885, 8481563)",2
2025021258,"(8476885, 8481605)",1213
2025021258,"(8476885, 8482178)",610
2025021258,"(8476885, 8482731)",6
2025021258,"(8476885, 8483490)",93
2025021258,"(8481563, 8481605)",49
2025021258,"(8481563, 8482178)",78
2025021258,"(8481563, 8482731)",918
2025021258,"(8481563, 8483490)",38
2025021258,"(8481605, 8482178)",590
2025021258,"(8481605, 8482731)",7
2025021258,"(8481605, 8483490)",1
2025021258,"(8482178, 8482731)",68
2025021258,"(8482178, 8483490)",180
2025021258,"(8482731, 8483490)",2
2025021280,"(8474590, 8475462)",2
2025021280,"(8474590, 8476885)",9
2025021280,"(8474590, 8481605)",206
2025021280,"(8474590, 8482178)",271
2025021280,"(8474590, 8482731)",95
2025021280,"(8474590, 8483490)",990
2025021280,"(8475462, 8476885)",0
2025021280,"(8475462, 8481605)",15
2025021280,"(8475462, 8482178)",89
2025021280,"(8475462, 8482731)",436
2025021280,"(8475462, 8483490)",15
2025021280,"(8476885, 8481605)",1211
2025021280,"(8476885, 8482178)",181
2025021280,"(8476885, 8482731)",159
2025021280,"(8476885, 8483490)",80
2025021280,"(8481605, 8482178)",183
2025021280,"(8481605, 8482731)",5
2025021280,"(8481605, 8483490)",1
2025021280,"(8482178, 8482731)",149
2025021280,"(8482178, 8483490)",209
2025021280,"(8482731, 8483490)",1
2025021296,"(8474590, 8476885)",4
2025021296,"(8474590, 8481563)",2
2025021296,"(8474590, 8481605)",80
2025021296,"(8474590, 8482178)",99
2025021296,"(8474590, 8482731)",28
2025021296,"(8474590, 8483490)",882
2025021296,"(8476885, 8481563)",1
2025021296,"(8476885, 8481605)",961
2025021296,"(8476885, 8482178)",290
2025021296,"(8476885, 8482731)",28
2025021296,"(8476885, 8483490)",2
2025021296,"(8481563, 8481605)",48
2025021296,"(8481563, 8482178)",61
2025021296,"(8481563, 8482731)",784
2025021296,"(8481563, 8483490)",26
2025021296,"(8481605, 8482178)",280
2025021296,"(8481605, 8482731)",1
2025021296,"(8481605, 8483490)",0
2025021296,"(8482178, 8482731)",66
2025021296,"(8482178, 8483490)",97
2025021296,"(8482731, 8483490)",0
2025021307,"(8474590, 8476885)",2
2025021307,"(8474590, 8481605)",72
2025021307,"(8474590, 8482178)",145
2025021307,"(8474590, 8482731)",6
2025021307,"(8474590, 8483482)",1
2025021307,"(8474590, 8483490)",727
2025021307,"(8476885, 8481605)",984
2025021307,"(8476885, 8482178)",131
2025021307,"(8476885, 8482731)",43
2025021307,"(8476885, 8483482)",0
2025021307,"(8476885, 8483490)",24
2025021307,"(8481605, 8482178)",101
2025021307,"(8481605, 8482731)",2
2025021307,"(8481605, 8483482)",16
2025021307,"(8481605, 8483490)",3
2025021307,"(8482178, 8482731)",193
2025021307,"(8482178, 8483482)",162
2025021307,"(8482178, 8483490)",145
2025021307,"(8482731, 8483482)",654
2025021307,"(8482731, 8483490)",4
2025021307,"(8483482, 8483490)",29
