game_id,player_id,pos,toi5
2025020021,8473986,L,767
2025020021,8475184,L,859
2025020021,8475462,D,937
2025020021,8475798,C,798
2025020021,8476885,D,1041
2025020021,8477527,L,508
2025020021,8478366,R,665
2025020021,8478873,R,839
2025020021,8480068,C,507
2025020021,8481563,D,1007
2025020021,8481605,D,1067
2025020021,8482118,R,518
2025020021,8482745,C,915
2025020021,8482803,D,1027
2025020021,8483445,L,875
2025020021,8483490,D,897
2025020021,8484153,C,887
2025020021,8484762,R,826
2025020036,8473986,L,778
2025020036,8475184,L,747
2025020036,8475462,D,900
2025020036,8475798,C,702
2025020036,8476885,D,961
2025020036,8477527,L,336
2025020036,8478366,R,653
2025020036,8478873,R,647
2025020036,8480068,C,404
2025020036,8481563,D,782
2025020036,8481605,D,986
2025020036,8481754,C,357
2025020036,8482745,C,971
2025020036,8482803,D,1048
2025020036,8483445,L,941
2025020036,8483490,D,668
2025020036,8484153,C,707
2025020036,8484762,R,930
2025020056,8473986,L,494
2025020056,8475184,L,480
2025020056,8475462,D,1101
2025020056,8475798,C,820
2025020056,8476885,D,980
2025020056,8477527,L,669
2025020056,8478366,R,840
2025020056,8478873,R,833
2025020056,8480068,C,599
2025020056,8481563,D,940
2025020056,8481605,D,1130
2025020056,8481754,C,637
2025020056,8482745,C,1083
2025020056,8482803,D,954
2025020056,8483445,L,1001
2025020056,8483490,D,911
2025020056,8484153,C,521
2025020056,8484762,R,1037
2025020070,8473986,L,694
2025020070,8475184,L,753
2025020070,8475462,D,863
2025020070,8475798,C,589
2025020070,8476885,D,965
2025020070,8477527,L,415
2025020070,8478366,R,638
2025020070,8478873,R,549
2025020070,8480068,C,499
2025020070,8481563,D,968
2025020070,8481605,D,904
2025020070,8481754,C,579
2025020070,8482745,C,892
2025020070,8482803,D,821
2025020070,8483445,L,872
2025020070,8483490,D,869
2025020070,8484153,C,687
2025020070,8484762,R,907
2025020091,8473986,L,779
2025020091,8475184,L,827
2025020091,8475462,D,713
2025020091,8475798,C,668
2025020091,8476885,D,896
2025020091,8478366,R,783
2025020091,8478873,R,573
2025020091,8480068,C,413
2025020091,8481563,D,911
2025020091,8481605,D,918
2025020091,8482118,R,475
2025020091,8482178,D,680
2025020091,8482745,C,898
2025020091,8482803,D,944
2025020091,8483445,L,961
2025020091,8483490,D,617
2025020091,8484153,C,846
2025020091,8484762,R,948
2025020105,8473986,L,628
2025020105,8475462,D,853
2025020105,8475798,C,786
2025020105,8476885,D,1052
2025020105,8477527,L,521
2025020105,8478366,R,748
2025020105,8478873,R,780
2025020105,8480068,C,576
2025020105,8481563,D,977
2025020105,8481605,D,1017
2025020105,8481754,C,860
2025020105,8482118,R,633
2025020105,8482745,C,818
2025020105,8482803,D,950
2025020105,8483445,L,691
2025020105,8483490,D,894
2025020105,8484153,C,703
2025020105,8484762,R,865
2025020111,8473986,L,937
2025020111,8475462,D,229
2025020111,8475798,C,985
2025020111,8476885,D,1672
2025020111,8477527,L,680
2025020111,8478366,R,534
2025020111,8478873,R,927
2025020111,8480068,C,667
2025020111,8481563,D,1250
2025020111,8481605,D,1172
2025020111,8481754,C,898
2025020111,8482118,R,794
2025020111,8482745,C,677
2025020111,8482803,D,1186
2025020111,8483445,L,927
2025020111,8483490,D,954
2025020111,8484153,C,891
2025020111,8484762,R,767
2025020129,8473986,L,813
2025020129,8475798,C,173
2025020129,8476885,D,1249
2025020129,8477527,L,366
2025020129,8478366,R,450
2025020129,8478873,R,766
2025020129,8480068,C,623
2025020129,8481563,D,898
2025020129,8481605,D,1050
2025020129,8481754,C,879
2025020129,8482118,R,463
2025020129,8482178,D,621
2025020129,8482745,C,942
2025020129,8482803,D,781
2025020129,8483445,L,964
2025020129,8483490,D,964
2025020129,8484153,C,969
2025020129,8484762,R,884
2025020153,8473986,L,534
2025020153,8476885,D,1042
2025020153,8477527,L,565
2025020153,8478366,R,478
2025020153,8478424,C,395
2025020153,8478873,R,753
2025020153,8480068,C,651
2025020153,8481563,D,959
2025020153,8481605,D,1014
2025020153,8481754,C,767
2025020153,8482118,R,608
2025020153,8482178,D,716
2025020153,8482745,C,811
2025020153,8482803,D,818
2025020153,8483445,L,795
2025020153,8483490,D,754
2025020153,8484153,C,781
2025020153,8484762,R,858
2025020180,8473986,L,525
2025020180,8475184,L,553
2025020180,8476885,D,942
2025020180,8477527,L,505
2025020180,8478366,R,521
2025020180,8478873,R,566
2025020180,8480068,C,512
2025020180,8481563,D,816
2025020180,8481605,D,683
2025020180,8481754,C,563
2025020180,8482118,R,489
2025020180,8482178,D,622
2025020180,8482745,C,758
2025020180,8482803,D,859
2025020180,8483445,L,797
2025020180,8483490,D,855
2025020180,8484153,C,598
2025020180,8484762,R,761
2025020197,8473986,L,829
2025020197,8475184,L,686
2025020197,8476885,D,1113
2025020197,8477527,L,742
2025020197,8478366,R,708
2025020197,8478424,C,674
2025020197,8478873,R,709
2025020197,8480068,C,839
2025020197,8481563,D,1105
2025020197,8481605,D,1057
2025020197,8481754,C,817
2025020197,8482178,D,858
2025020197,8482745,C,794
2025020197,8482803,D,1138
2025020197,8483445,L,853
2025020197,8483490,D,875
2025020197,8484153,C,721
2025020197,8484762,R,817
2025020211,8473986,L,564
2025020211,8475184,L,652
2025020211,8476885,D,821
2025020211,8477527,L,550
2025020211,8478366,R,556
2025020211,8478424,C,539
2025020211,8478873,R,701
2025020211,8480068,C,538
2025020211,8481563,D,769
2025020211,8481605,D,722
2025020211,8481754,C,717
2025020211,8482178,D,781
2025020211,8482745,C,648
2025020211,8482803,D,882
2025020211,8483445,L,555
2025020211,8483490,D,757
2025020211,8484153,C,542
2025020211,8484762,R,563
2025020224,8473986,L,724
2025020224,8475184,L,680
2025020224,8476885,D,1067
2025020224,8477527,L,560
2025020224,8478366,R,491
2025020224,8478424,C,571
2025020224,8478873,R,775
2025020224,8480068,C,617
2025020224,8481563,D,1023
2025020224,8481605,D,1116
2025020224,8481754,C,621
2025020224,8482178,D,611
2025020224,8482745,C,781
2025020224,8482803,D,843
2025020224,8483445,L,787
2025020224,8483490,D,737
2025020224,8484153,C,740
2025020224,8484762,R,752
2025020242,8473986,L,754
2025020242,8475184,L,944
2025020242,8476885,D,1296
2025020242,8477527,L,481
2025020242,8478366,R,551
2025020242,8478424,C,505
2025020242,8478873,R,1019
2025020242,8480068,C,778
2025020242,8481563,D,1235
2025020242,8481605,D,1244
2025020242,8481754,C,808
2025020242,8482178,D,718
2025020242,8482745,C,904
2025020242,8482803,D,1258
2025020242,8483445,L,932
2025020242,8483490,D,717
2025020242,8484153,C,1029
2025020242,8484762,R,872
2025020251,8473986,L,668
2025020251,8475184,L,622
2025020251,8476885,D,1127
2025020251,8477527,L,649
2025020251,8478366,R,648
2025020251,8478424,C,569
2025020251,8478873,R,664
2025020251,8480068,C,589
2025020251,8481563,D,891
2025020251,8481605,D,905
2025020251,8481754,C,575
2025020251,8482178,D,898
2025020251,8482745,C,851
2025020251,8482803,D,922
2025020251,8483445,L,751
2025020251,8483490,D,713
2025020251,8484153,C,715
2025020251,8484762,R,878
2025020262,8473986,L,647
2025020262,8475184,L,695
2025020262,8476885,D,894
2025020262,8477527,L,474
2025020262,8478366,R,510
2025020262,8478424,C,532
2025020262,8478873,R,689
2025020262,8480068,C,663
2025020262,8481563,D,1010
2025020262,8481605,D,863
2025020262,8481754,C,653
2025020262,8482178,D,831
2025020262,8482745,C,736
2025020262,8482803,D,961
2025020262,8483445,L,803
2025020262,8483490,D,757
2025020262,8484153,C,730
2025020262,8484762,R,755
2025020272,8473986,L,583
2025020272,8475184,L,738
2025020272,8475798,C,544
2025020272,8476458,C,722
2025020272,8476885,D,969
2025020272,8477527,L,588
2025020272,8478366,R,551
2025020272,8478873,R,830
2025020272,8481563,D,826
2025020272,8481605,D,848
2025020272,8481754,C,538
2025020272,8482178,D,915
2025020272,8482745,C,517
2025020272,8482803,D,923
2025020272,8483445,L,640
2025020272,8483490,D,751
2025020272,8484153,C,895
2025020272,8484762,R,723
2025020284,8473986,L,643
2025020284,8475184,L,795
2025020284,8476458,C,577
2025020284,8476885,D,856
2025020284,8477527,L,455
2025020284,8478366,R,515
2025020284,8478424,C,468
2025020284,8478873,R,616
2025020284,8481563,D,745
2025020284,8481605,D,696
2025020284,8481754,C,457
2025020284,8482178,D,899
2025020284,8482745,C,594
2025020284,8482803,D,954
2025020284,8483445,L,558
2025020284,8483490,D,550
2025020284,8484153,C,734
2025020284,8484762,R,758
2025020306,8473986,L,688
2025020306,8475184,L,1029
2025020306,8475462,D,710
2025020306,8476458,C,693
2025020306,8476885,D,1275
2025020306,8477527,L,519
2025020306,8478366,R,693
2025020306,8478424,C,681
2025020306,8478873,R,1063
2025020306,8481563,D,1104
2025020306,8481605,D,1201
2025020306,8481754,C,535
2025020306,8482178,D,711
2025020306,8482745,C,701
2025020306,8482803,D,1227
2025020306,8483445,L,893
2025020306,8484153,C,1064
2025020306,8484762,R,833
2025020318,8473986,L,919
2025020318,8475184,L,839
2025020318,8475462,D,881
2025020318,8476458,C,874
2025020318,8476885,D,1092
2025020318,8477527,L,470
2025020318,8478366,R,829
2025020318,8478424,C,481
2025020318,8478873,R,900
2025020318,8481563,D,1192
2025020318,8481605,D,1219
2025020318,8481754,C,467
2025020318,8482178,D,852
2025020318,8482745,C,839
2025020318,8482803,D,981
2025020318,8483445,L,898
2025020318,8484153,C,921
2025020318,8484762,R,884
2025020329,8473986,L,669
2025020329,8475184,L,771
2025020329,8475462,D,896
2025020329,8476458,C,662
2025020329,8476885,D,993
2025020329,8477527,L,633
2025020329,8478366,R,634
2025020329,8478424,C,585
2025020329,8478873,R,863
2025020329,8481563,D,940
2025020329,8481605,D,951
2025020329,8481754,C,594
2025020329,8482178,D,895
2025020329,8482745,C,778
2025020329,8482803,D,1079
2025020329,8483445,L,811
2025020329,8484153,C,847
2025020329,8484762,R,823
2025020346,8473986,L,727
2025020346,8475184,L,759
2025020346,8475462,D,1050
2025020346,8476458,C,722
2025020346,8476885,D,1093
2025020346,8477527,L,413
2025020346,8478366,R,778
2025020346,8478424,C,370
2025020346,8478873,R,850
2025020346,8481563,D,746
2025020346,8481605,D,1071
2025020346,8481754,C,375
2025020346,8482745,C,859
2025020346,8482803,D,699
2025020346,8483445,L,941
2025020346,8483490,D,1117
2025020346,8484153,C,952
2025020346,8484762,R,928
2025020374,8473986,L,711
2025020374,8475184,L,597
2025020374,8475462,D,738
2025020374,8476458,C,627
2025020374,8476885,D,893
2025020374,8477527,L,490
2025020374,8478366,R,668
2025020374,8478424,C,415
2025020374,8478873,R,584
2025020374,8481563,D,758
2025020374,8481605,D,832
2025020374,8481754,C,538
2025020374,8482745,C,590
2025020374,8482803,D,848
2025020374,8483445,L,642
2025020374,8483490,D,764
2025020374,8484153,C,748
2025020374,8484762,R,654
2025020384,8473986,L,876
2025020384,8475184,L,894
2025020384,8475462,D,1197
2025020384,8476458,C,653
2025020384,8476885,D,1010
2025020384,8477527,L,562
2025020384,8478366,R,597
2025020384,8478873,R,1013
2025020384,8480068,C,777
2025020384,8481563,D,1069
2025020384,8481605,D,1310
2025020384,8481754,C,839
2025020384,8482745,C,809
2025020384,8482803,D,966
2025020384,8483445,L,938
2025020384,8483490,D,1008
2025020384,8484153,C,1036
2025020384,8484762,R,875
2025020403,8473986,L,616
2025020403,8475184,L,726
2025020403,8475462,D,888
2025020403,8476458,C,700
2025020403,8476885,D,860
2025020403,8477527,L,672
2025020403,8478366,R,634
2025020403,8478873,R,709
2025020403,8480068,C,560
2025020403,8481563,D,996
2025020403,8481605,D,776
2025020403,8481754,C,588
2025020403,8482745,C,846
2025020403,8482803,D,926
2025020403,8483445,L,758
2025020403,8483490,D,1023
2025020403,8484153,C,725
2025020403,8484762,R,725
2025020409,8473986,L,652
2025020409,8475184,L,565
2025020409,8475462,D,723
2025020409,8476885,D,738
2025020409,8477527,L,516
2025020409,8478366,R,646
2025020409,8478424,C,562
2025020409,8478873,R,637
2025020409,8480068,C,654
2025020409,8481563,D,796
2025020409,8481605,D,919
2025020409,8482178,D,568
2025020409,8482745,C,638
2025020409,8482803,D,566
2025020409,8483445,L,809
2025020409,8483490,D,806
2025020409,8484153,C,661
2025020409,8484762,R,779
2025020424,8473986,L,834
2025020424,8475184,L,785
2025020424,8475462,D,860
2025020424,8476885,D,814
2025020424,8477527,L,573
2025020424,8478366,R,951
2025020424,8478424,C,534
2025020424,8478873,R,771
2025020424,8480068,C,873
2025020424,8481563,D,1141
2025020424,8481605,D,921
2025020424,8482178,D,869
2025020424,8482745,C,854
2025020424,8482803,D,915
2025020424,8483445,L,915
2025020424,8483490,D,885
2025020424,8484153,C,837
2025020424,8484762,R,948
2025020440,8473986,L,585
2025020440,8475184,L,795
2025020440,8475462,D,791
2025020440,8475798,C,518
2025020440,8476458,C,480
2025020440,8476885,D,1011
2025020440,8477527,L,449
2025020440,8478366,R,310
2025020440,8478873,R,889
2025020440,8480068,C,528
2025020440,8481563,D,808
2025020440,8481605,D,1028
2025020440,8482745,C,772
2025020440,8482803,D,707
2025020440,8483445,L,856
2025020440,8483490,D,845
2025020440,8484153,C,903
2025020440,8484762,R,682
2025020460,8473986,L,687
2025020460,8475184,L,789
2025020460,8475462,D,890
2025020460,8475798,C,660
2025020460,8476458,C,628
2025020460,8476885,D,1030
2025020460,8477527,L,688
2025020460,8478366,R,498
2025020460,8478873,R,780
2025020460,8480068,C,761
2025020460,8481563,D,941
2025020460,8481605,D,1031
2025020460,8482745,C,750
2025020460,8482803,D,899
2025020460,8483445,L,734
2025020460,8483490,D,928
2025020460,8484153,C,853
2025020460,8484762,R,738
2025020470,8473986,L,549
2025020470,8475184,L,709
2025020470,8475462,D,955
2025020470,8475798,C,833
2025020470,8476458,C,505
2025020470,8476885,D,1047
2025020470,8477527,L,726
2025020470,8478366,R,429
2025020470,8478873,R,707
2025020470,8480068,C,708
2025020470,8481563,D,958
2025020470,8481605,D,1148
2025020470,8482745,C,923
2025020470,8482803,D,914
2025020470,8483445,L,922
2025020470,8483490,D,806
2025020470,8484153,C,765
2025020470,8484762,R,912
2025020482,8473986,L,456
2025020482,8475184,L,914
2025020482,8475462,D,736
2025020482,8475798,C,768
2025020482,8476458,C,437
2025020482,8476885,D,1262
2025020482,8477527,L,482
2025020482,8478366,R,608
2025020482,8478873,R,1018
2025020482,8480068,C,664
2025020482,8481563,D,896
2025020482,8481605,D,1269
2025020482,8482745,C,762
2025020482,8482803,D,813
2025020482,8483445,L,761
2025020482,8483490,D,810
2025020482,8484153,C,1036
2025020482,8484762,R,760
2025020495,8473986,L,736
2025020495,8475184,L,880
2025020495,8475462,D,661
2025020495,8475798,C,720
2025020495,8476458,C,535
2025020495,8476885,D,1013
2025020495,8477527,L,750
2025020495,8478366,R,498
2025020495,8478873,R,802
2025020495,8480068,C,683
2025020495,8481563,D,915
2025020495,8481605,D,1029
2025020495,8482178,D,1135
2025020495,8482745,C,513
2025020495,8482803,D,851
2025020495,8483445,L,598
2025020495,8484153,C,990
2025020495,8484762,R,701
2025020515,8473986,L,695
2025020515,8475184,L,725
2025020515,8475462,D,1052
2025020515,8475798,C,632
2025020515,8476458,C,460
2025020515,8476885,D,1149
2025020515,8477527,L,515
2025020515,8478366,R,731
2025020515,8478873,R,766
2025020515,8480068,C,514
2025020515,8481605,D,1159
2025020515,8482178,D,544
2025020515,8482745,C,714
2025020515,8482803,D,571
2025020515,8483445,L,759
2025020515,8483490,D,975
2025020515,8484153,C,803
2025020515,8484762,R,796
2025020525,8473986,L,685
2025020525,8475184,L,531
2025020525,8475462,D,628
2025020525,8475798,C,792
2025020525,8476458,C,604
2025020525,8476885,D,1259
2025020525,8477527,L,720
2025020525,8478366,R,786
2025020525,8478873,R,855
2025020525,8480068,C,745
2025020525,8481605,D,1261
2025020525,8482178,D,909
2025020525,8482745,C,580
2025020525,8482803,D,888
2025020525,8483445,L,720
2025020525,8483490,D,620
2025020525,8484153,C,735
2025020525,8484762,R,609
2025020548,8473986,L,811
2025020548,8475184,L,803
2025020548,8475462,D,1133
2025020548,8475798,C,568
2025020548,8476458,C,661
2025020548,8476885,D,714
2025020548,8477527,L,749
2025020548,8478366,R,557
2025020548,8478873,R,609
2025020548,8480068,C,765
2025020548,8481563,D,1008
2025020548,8481605,D,763
2025020548,8482178,D,1078
2025020548,8482745,C,781
2025020548,8483445,L,760
2025020548,8483490,D,1020
2025020548,8484153,C,760
2025020548,8484762,R,760
2025020560,8473986,L,676
2025020560,8475184,L,801
2025020560,8475462,D,1028
2025020560,8475798,C,716
2025020560,8476458,C,696
2025020560,8476885,D,1245
2025020560,8477527,L,705
2025020560,8478366,R,691
2025020560,8478873,R,834
2025020560,8480068,C,610
2025020560,8481605,D,1164
2025020560,8482178,D,714
2025020560,8482745,C,803
2025020560,8482803,D,750
2025020560,8483445,L,758
2025020560,8483490,D,1001
2025020560,8484153,C,839
2025020560,8484762,R,749
2025020573,8473986,L,681
2025020573,8475184,L,851
2025020573,8475462,D,1046
2025020573,8475798,C,933
2025020573,8476458,C,582
2025020573,8476885,D,1096
2025020573,8477527,L,628
2025020573,8478366,R,527
2025020573,8478424,C,521
2025020573,8478873,R,887
2025020573,8480068,C,726
2025020573,8481605,D,1159
2025020573,8482178,D,842
2025020573,8482745,C,853
2025020573,8482803,D,831
2025020573,8483445,L,862
2025020573,8483490,D,1006
2025020573,8484762,R,893
2025020597,8473986,L,721
2025020597,8475184,L,758
2025020597,8475462,D,1103
2025020597,8475798,C,832
2025020597,8476458,C,586
2025020597,8476885,D,875
2025020597,8477527,L,565
2025020597,8478366,R,573
2025020597,8478873,R,636
2025020597,8480068,C,638
2025020597,8481563,D,689
2025020597,8481605,D,888
2025020597,8482178,D,1129
2025020597,8482745,C,956
2025020597,8482803,D,1152
2025020597,8483445,L,883
2025020597,8484153,C,690
2025020597,8484762,R,896
2025020615,8473986,L,587
2025020615,8475184,L,713
2025020615,8475798,C,749
2025020615,8476458,C,538
2025020615,8476885,D,1190
2025020615,8478424,C,549
2025020615,8478873,R,774
2025020615,8480068,C,726
2025020615,8481563,D,666
2025020615,8481605,D,950
2025020615,8481754,C,759
2025020615,8482178,D,953
2025020615,8482745,C,742
2025020615,8482803,D,871
2025020615,8483445,L,778
2025020615,8483490,D,981
2025020615,8484153,C,759
2025020615,8484762,R,735
2025020624,8473986,L,807
2025020624,8475184,L,752
2025020624,8475798,C,732
2025020624,8476885,D,1135
2025020624,8477527,L,459
2025020624,8478424,C,418
2025020624,8478873,R,826
2025020624,8480068,C,561
2025020624,8481563,D,806
2025020624,8481605,D,994
2025020624,8481754,C,775
2025020624,8482178,D,955
2025020624,8482745,C,819
2025020624,8482803,D,811
2025020624,8483445,L,909
2025020624,8483490,D,1097
2025020624,8484153,C,804
2025020624,8484762,R,795
2025020643,8473986,L,339
2025020643,8475184,L,662
2025020643,8475462,D,848
2025020643,8475798,C,870
2025020643,8476885,D,1058
2025020643,8477527,L,623
2025020643,8478424,C,704
2025020643,8478873,R,908
2025020643,8480068,C,822
2025020643,8481605,D,1061
2025020643,8481754,C,877
2025020643,8482178,D,1184
2025020643,8482745,C,848
2025020643,8482803,D,883
2025020643,8483445,L,747
2025020643,8483490,D,1108
2025020643,8484153,C,764
2025020643,8484762,R,974
2025020663,8473986,L,716
2025020663,8475184,L,733
2025020663,8475462,D,924
2025020663,8475798,C,780
2025020663,8476458,C,651
2025020663,8476885,D,980
2025020663,8477527,L,610
2025020663,8478873,R,820
2025020663,8480068,C,691
2025020663,8481605,D,847
2025020663,8481754,C,745
2025020663,8482178,D,1153
2025020663,8482745,C,828
2025020663,8482803,D,1110
2025020663,8483445,L,909
2025020663,8483490,D,1087
2025020663,8484153,C,813
2025020663,8484762,R,871
2025020670,8473986,L,378
2025020670,8475184,L,684
2025020670,8475462,D,625
2025020670,8475798,C,595
2025020670,8476885,D,662
2025020670,8477527,L,168
2025020670,8478424,C,338
2025020670,8478873,R,660
2025020670,8480068,C,488
2025020670,8481563,D,478
2025020670,8481605,D,742
2025020670,8482178,D,470
2025020670,8482745,C,683
2025020670,8482803,D,727
2025020670,8483445,L,624
2025020670,8483490,D,674
2025020670,8484153,C,724
2025020670,8484762,R,777
2025020688,8473986,L,879
2025020688,8475184,L,615
2025020688,8475462,D,1129
2025020688,8475798,C,842
2025020688,8476458,C,875
2025020688,8476885,D,1038
2025020688,8477527,L,571
2025020688,8478424,C,499
2025020688,8480068,C,701
2025020688,8481563,D,697
2025020688,8481605,D,1075
2025020688,8482745,C,795
2025020688,8482803,D,941
2025020688,8483445,L,677
2025020688,8483490,D,954
2025020688,8484153,C,951
2025020688,8484762,R,846
2025020688,8485512,C,491
2025020701,8473986,L,978
2025020701,8475184,L,772
2025020701,8475462,D,1046
2025020701,8475798,C,859
2025020701,8476458,C,657
2025020701,8477527,L,573
2025020701,8480068,C,752
2025020701,8481563,D,1074
2025020701,8481605,D,1088
2025020701,8481754,C,625
2025020701,8482178,D,861
2025020701,8482745,C,821
2025020701,8482803,D,1114
2025020701,8483445,L,794
2025020701,8483490,D,1016
2025020701,8484153,C,1005
2025020701,8484762,R,958
2025020701,8485512,C,586
2025020734,8473986,L,808
2025020734,8475184,L,798
2025020734,8475462,D,841
2025020734,8475798,C,875
2025020734,8476458,C,838
2025020734,8476885,D,1203
2025020734,8477527,L,760
2025020734,8478424,C,752
2025020734,8480068,C,561
2025020734,8481563,D,933
2025020734,8481605,D,1099
2025020734,8481754,C,622
2025020734,8482178,D,494
2025020734,8482745,C,873
2025020734,8482803,D,846
2025020734,8483490,D,1017
2025020734,8484762,R,871
2025020734,8485512,C,614
2025020753,8473986,L,833
2025020753,8475462,D,922
2025020753,8475798,C,870
2025020753,8476458,C,646
2025020753,8476885,D,1235
2025020753,8477527,L,706
2025020753,8478424,C,595
2025020753,8480068,C,724
2025020753,8481563,D,647
2025020753,8481605,D,1285
2025020753,8482118,R,522
2025020753,8482178,D,675
2025020753,8482745,C,662
2025020753,8482803,D,817
2025020753,8483445,L,354
2025020753,8483490,D,688
2025020753,8484762,R,1124
2025020753,8485512,C,665
2025020766,8473986,L,830
2025020766,8475462,D,821
2025020766,8475798,C,839
2025020766,8476458,C,740
2025020766,8476885,D,988
2025020766,8477527,L,430
2025020766,8478424,C,669
2025020766,8479705,L,468
2025020766,8480068,C,621
2025020766,8481563,D,851
2025020766,8481605,D,929
2025020766,8482178,D,396
2025020766,8482745,C,822
2025020766,8482803,D,847
2025020766,8483445,L,767
2025020766,8483490,D,845
2025020766,8484762,R,888
2025020766,8485512,C,389
2025020779,8473986,L,868
2025020779,8475184,L,570
2025020779,8475462,D,941
2025020779,8475798,C,996
2025020779,8476458,C,551
2025020779,8476885,D,1071
2025020779,8477527,L,579
2025020779,8479705,L,742
2025020779,8480068,C,696
2025020779,8481563,D,840
2025020779,8481605,D,1149
2025020779,8482178,D,570
2025020779,8482745,C,643
2025020779,8482803,D,871
2025020779,8483445,L,823
2025020779,8483490,D,834
2025020779,8484762,R,987
2025020779,8485512,C,564
2025020789,8473986,L,997
2025020789,8475184,L,833
2025020789,8475462,D,724
2025020789,8475798,C,865
2025020789,8476458,C,774
2025020789,8476885,D,1414
2025020789,8477527,L,671
2025020789,8478424,C,830
2025020789,8479705,L,822
2025020789,8480068,C,917
2025020789,8481563,D,1084
2025020789,8481605,D,1414
2025020789,8482178,D,565
2025020789,8482803,D,723
2025020789,8483445,L,903
2025020789,8483490,D,1078
2025020789,8484762,R,782
2025020789,8485512,C,669
2025020809,8473986,L,806
2025020809,8475184,L,772
2025020809,8475462,D,852
2025020809,8475798,C,840
2025020809,8476458,C,550
2025020809,8476885,D,1147
2025020809,8477527,L,756
2025020809,8478424,C,598
2025020809,8479705,L,948
2025020809,8480068,C,929
2025020809,8481563,D,1091
2025020809,8481605,D,1182
2025020809,8482178,D,786
2025020809,8482803,D,893
2025020809,8483445,L,864
2025020809,8483490,D,1013
2025020809,8484762,R,666
2025020809,8485512,C,737
2025020824,8473986,L,922
2025020824,8475184,L,763
2025020824,8475462,D,1288
2025020824,8475798,C,884
2025020824,8476458,C,767
2025020824,8476885,D,1272
2025020824,8477527,L,655
2025020824,8478424,C,830
2025020824,8479705,L,905
2025020824,8480068,C,902
2025020824,8481563,D,661
2025020824,8481605,D,1283
2025020824,8482178,D,609
2025020824,8482803,D,981
2025020824,8483445,L,928
2025020824,8483490,D,1040
2025020824,8484762,R,959
2025020824,8485512,C,651
2025020829,8473986,L,913
2025020829,8475184,L,604
2025020829,8475462,D,813
2025020829,8475798,C,903
2025020829,8476458,C,282
2025020829,8476885,D,1147
2025020829,8477527,L,579
2025020829,8478424,C,680
2025020829,8479705,L,730
2025020829,8480068,C,940
2025020829,8481563,D,896
2025020829,8481605,D,1119
2025020829,8482178,D,742
2025020829,8482803,D,813
2025020829,8483445,L,660
2025020829,8483490,D,936
2025020829,8484762,R,1059
2025020829,8485512,C,526
2025020855,8473986,L,850
2025020855,8475184,L,657
2025020855,8475462,D,759
2025020855,8475798,C,817
2025020855,8476885,D,1181
2025020855,8477527,L,490
2025020855,8478424,C,638
2025020855,8479705,L,778
2025020855,8480068,C,907
2025020855,8481563,D,839
2025020855,8481605,D,1132
2025020855,8482118,R,532
2025020855,8482178,D,505
2025020855,8482803,D,742
2025020855,8483445,L,880
2025020855,8483490,D,948
2025020855,8484762,R,892
2025020855,8485512,C,430
2025020875,8473986,L,942
2025020875,8475184,L,736
2025020875,8475462,D,882
2025020875,8475798,C,969
2025020875,8476885,D,1222
2025020875,8477527,L,652
2025020875,8478424,C,646
2025020875,8478873,R,742
2025020875,8479705,L,777
2025020875,8480068,C,789
2025020875,8481605,D,1233
2025020875,8482178,D,1031
2025020875,8482745,C,814
2025020875,8482803,D,840
2025020875,8483445,L,734
2025020875,8483490,D,1046
2025020875,8484762,R,1010
2025020875,8485512,C,550
2025020892,8473986,L,709
2025020892,8475184,L,769
2025020892,8475462,D,996
2025020892,8475798,C,727
2025020892,8476885,D,981
2025020892,8477527,L,564
2025020892,8478424,C,582
2025020892,8478873,R,847
2025020892,8479705,L,803
2025020892,8480068,C,830
2025020892,8481605,D,921
2025020892,8482178,D,907
2025020892,8482745,C,735
2025020892,8482803,D,1033
2025020892,8483445,L,811
2025020892,8483490,D,914
2025020892,8484762,R,696
2025020892,8485512,C,555
2025020917,8473986,L,853
2025020917,8475184,L,748
2025020917,8475462,D,753
2025020917,8476885,D,991
2025020917,8477527,L,589
2025020917,8478424,C,663
2025020917,8478873,R,569
2025020917,8479705,L,738
2025020917,8480068,C,758
2025020917,8481605,D,1148
2025020917,8482178,D,1104
2025020917,8482745,C,855
2025020917,8482803,D,911
2025020917,8483445,L,759
2025020917,8483490,D,775
2025020917,8484153,C,723
2025020917,8484762,R,810
2025020917,8485512,C,573
2025020933,8473986,L,571
2025020933,8475184,L,814
2025020933,8475462,D,811
2025020933,8476885,D,1191
2025020933,8477527,L,616
2025020933,8478424,C,623
2025020933,8479705,L,881
2025020933,8480068,C,814
2025020933,8481563,D,931
2025020933,8481605,D,1297
2025020933,8482178,D,518
2025020933,8482745,C,664
2025020933,8482803,D,718
2025020933,8483445,L,907
2025020933,8483490,D,916
2025020933,8484153,C,939
2025020933,8484762,R,904
2025020933,8485512,C,530
2025020952,8473986,L,694
2025020952,8475184,L,762
2025020952,8475462,D,765
2025020952,8476885,D,1118
2025020952,8477527,L,593
2025020952,8478424,C,602
2025020952,8479705,L,697
2025020952,8480068,C,752
2025020952,8481563,D,883
2025020952,8481605,D,1057
2025020952,8482178,D,492
2025020952,8482745,C,671
2025020952,8482803,D,750
2025020952,8483445,L,801
2025020952,8483490,D,955
2025020952,8484153,C,816
2025020952,8484762,R,865
2025020952,8485512,C,547
2025020968,8473986,L,708
2025020968,8475184,L,617
2025020968,8475462,D,941
2025020968,8476885,D,917
2025020968,8477527,L,635
2025020968,8478424,C,590
2025020968,8479705,L,780
2025020968,8480068,C,782
2025020968,8481563,D,958
2025020968,8481605,D,927
2025020968,8482178,D,601
2025020968,8482745,C,687
2025020968,8482803,D,978
2025020968,8483445,L,745
2025020968,8483490,D,906
2025020968,8484153,C,782
2025020968,8484762,R,947
2025020968,8485512,C,563
2025020973,8473986,L,470
2025020973,8475184,L,649
2025020973,8475462,D,916
2025020973,8476458,C,621
2025020973,8476885,D,829
2025020973,8477527,L,561
2025020973,8478366,R,714
2025020973,8479705,L,506
2025020973,8480068,C,563
2025020973,8481605,D,712
2025020973,8482178,D,656
2025020973,8482745,C,638
2025020973,8482803,D,887
2025020973,8483445,L,749
2025020973,8483490,D,794
2025020973,8484153,C,677
2025020973,8484762,R,564
2025020973,8485512,C,469
2025020987,8473986,L,941
2025020987,8475184,L,795
2025020987,8475462,D,958
2025020987,8476885,D,1329
2025020987,8477527,L,643
2025020987,8478366,R,629
2025020987,8478424,C,628
2025020987,8479705,L,722
2025020987,8480068,C,1028
2025020987,8481605,D,1383
2025020987,8482178,D,791
2025020987,8482745,C,541
2025020987,8482803,D,915
2025020987,8483445,L,847
2025020987,8483490,D,807
2025020987,8484153,C,845
2025020987,8484762,R,944
2025020987,8485512,C,686
2025021006,8473986,L,712
2025021006,8475184,L,437
2025021006,8475462,D,679
2025021006,8475798,C,633
2025021006,8476885,D,857
2025021006,8477527,L,522
2025021006,8478366,R,570
2025021006,8479705,L,711
2025021006,8480068,C,746
2025021006,8481605,D,782
2025021006,8482178,D,826
2025021006,8482745,C,554
2025021006,8482803,D,819
2025021006,8483445,L,469
2025021006,8483490,D,755
2025021006,8484153,C,505
2025021006,8484762,R,729
2025021006,8485512,C,454
2025021022,8473986,L,745
2025021022,8475184,L,768
2025021022,8475462,D,862
2025021022,8475798,C,825
2025021022,8476885,D,1171
2025021022,8477527,L,529
2025021022,8478424,C,517
2025021022,8479705,L,750
2025021022,8480068,C,732
2025021022,8481605,D,1373
2025021022,8482178,D,865
2025021022,8482745,C,765
2025021022,8482803,D,764
2025021022,8483445,L,785
2025021022,8483490,D,762
2025021022,8484153,C,827
2025021022,8484762,R,856
2025021022,8485512,C,585
2025021029,8473986,L,541
2025021029,8475184,L,495
2025021029,8475462,D,536
2025021029,8475798,C,609
2025021029,8476885,D,785
2025021029,8478424,C,397
2025021029,8479705,L,473
2025021029,8480068,C,539
2025021029,8481563,D,684
2025021029,8481605,D,877
2025021029,8482178,D,435
2025021029,8482745,C,566
2025021029,8482803,D,534
2025021029,8483445,L,500
2025021029,8483490,D,636
2025021029,8484153,C,580
2025021029,8484762,R,653
2025021029,8485512,C,376
2025021043,8473986,L,526
2025021043,8475184,L,772
2025021043,8475798,C,721
2025021043,8476885,D,976
2025021043,8478366,R,439
2025021043,8478424,C,490
2025021043,8479705,L,613
2025021043,8480068,C,623
2025021043,8481563,D,729
2025021043,8481605,D,891
2025021043,8482178,D,894
2025021043,8482745,C,536
2025021043,8482803,D,970
2025021043,8483445,L,777
2025021043,8483490,D,553
2025021043,8484153,C,808
2025021043,8484762,R,795
2025021043,8485512,C,399
2025021059,8473986,L,793
2025021059,8474590,D,963
2025021059,8475184,L,689
2025021059,8475798,C,729
2025021059,8476885,D,1022
2025021059,8478366,R,456
2025021059,8478424,C,481
2025021059,8478873,R,737
2025021059,8479705,L,724
2025021059,8480068,C,650
2025021059,8481605,D,1067
2025021059,8482178,D,792
2025021059,8482803,D,848
2025021059,8483445,L,733
2025021059,8483490,D,835
2025021059,8484153,C,764
2025021059,8484762,R,872
2025021059,8485512,C,600
2025021082,8473986,L,691
2025021082,8474590,D,985
2025021082,8475184,L,728
2025021082,8475798,C,701
2025021082,8476885,D,899
2025021082,8478366,R,271
2025021082,8478424,C,238
2025021082,8478873,R,825
2025021082,8479705,L,820
2025021082,8480068,C,733
2025021082,8481605,D,1039
2025021082,8482178,D,737
2025021082,8482803,D,541
2025021082,8483445,L,746
2025021082,8483490,D,900
2025021082,8484153,C,796
2025021082,8484762,R,839
2025021082,8485512,C,324
2025021098,8473986,L,593
2025021098,8474590,D,967
2025021098,8475184,L,721
2025021098,8475798,C,672
2025021098,8476885,D,1040
2025021098,8478424,C,498
2025021098,8478873,R,726
2025021098,8479705,L,863
2025021098,8480068,C,864
2025021098,8481605,D,932
2025021098,8482178,D,596
2025021098,8482745,C,393
2025021098,8482803,D,617
2025021098,8483445,L,663
2025021098,8483490,D,1062
2025021098,8484153,C,694
2025021098,8484762,R,641
2025021098,8485512,C,468
2025021117,8473986,L,754
2025021117,8474590,D,1121
2025021117,8475184,L,788
2025021117,8475798,C,794
2025021117,8476885,D,1239
2025021117,8478424,C,505
2025021117,8478873,R,863
2025021117,8479705,L,712
2025021117,8480068,C,749
2025021117,8481605,D,1295
2025021117,8482178,D,590
2025021117,8482745,C,662
2025021117,8482803,D,603
2025021117,8483445,L,766
2025021117,8483490,D,1059
2025021117,8484153,C,829
2025021117,8484762,R,812
2025021117,8485512,C,594
2025021134,8473986,L,799
2025021134,8474590,D,1238
2025021134,8475184,L,849
2025021134,8475462,D,841
2025021134,8475798,C,871
2025021134,8476885,D,950
2025021134,8478424,C,125
2025021134,8478873,R,915
2025021134,8479705,L,805
2025021134,8480068,C,800
2025021134,8481605,D,1076
2025021134,8482178,D,854
2025021134,8482745,C,706
2025021134,8483445,L,871
2025021134,8483490,D,1115
2025021134,8484153,C,955
2025021134,8484762,R,529
2025021134,8485512,C,806
2025021147,8473986,L,749
2025021147,8474590,D,1235
2025021147,8475184,L,796
2025021147,8475462,D,513
2025021147,8475798,C,712
2025021147,8476885,D,1227
2025021147,8478366,R,633
2025021147,8479705,L,886
2025021147,8480068,C,872
2025021147,8481605,D,1223
2025021147,8482178,D,631
2025021147,8482745,C,690
2025021147,8482803,D,735
2025021147,8483445,L,886
2025021147,8483490,D,981
2025021147,8484153,C,874
2025021147,8484762,R,741
2025021147,8485512,C,681
2025021154,8473986,L,788
2025021154,8474590,D,1165
2025021154,8475184,L,702
2025021154,8475798,C,800
2025021154,8476885,D,951
2025021154,8478366,R,360
2025021154,8478873,R,692
2025021154,8479705,L,796
2025021154,8480068,C,780
2025021154,8481563,D,641
2025021154,8481605,D,1156
2025021154,8482178,D,665
2025021154,8482745,C,374
2025021154,8482803,D,778
2025021154,8483445,L,670
2025021154,8484153,C,742
2025021154,8484762,R,815
2025021154,8485512,C,557
2025021176,8473986,L,848
2025021176,8474590,D,1083
2025021176,8475184,L,849
2025021176,8475462,D,425
2025021176,8475798,C,802
2025021176,8476885,D,1197
2025021176,8478873,R,794
2025021176,8479705,L,618
2025021176,8480068,C,611
2025021176,8481605,D,1122
2025021176,8482178,D,712
2025021176,8482745,C,750
2025021176,8482803,D,733
2025021176,8483445,L,29
2025021176,8483490,D,920
2025021176,8484153,C,628
2025021176,8484762,R,878
2025021176,8485512,C,779
2025021190,8473986,L,846
2025021190,8474590,D,1136
2025021190,8475184,L,784
2025021190,8475798,C,814
2025021190,8476885,D,1054
2025021190,8478366,R,460
2025021190,8478873,R,858
2025021190,8479705,L,755
2025021190,8480068,C,803
2025021190,8481563,D,669
2025021190,8481605,D,1122
2025021190,8482178,D,1027
2025021190,8482745,C,433
2025021190,8482803,D,657
2025021190,8483444,C,363
2025021190,8484153,C,881
2025021190,8484762,R,718
2025021190,8485512,C,854
2025021206,8473986,L,773
2025021206,8474590,D,904
2025021206,8475184,L,698
2025021206,8475798,C,784
2025021206,8476885,D,927
2025021206,8478366,R,530
2025021206,8478873,R,759
2025021206,8479705,L,581
2025021206,8480068,C,568
2025021206,8481563,D,875
2025021206,8481605,D,1076
2025021206,8482178,D,555
2025021206,8482745,C,653
2025021206,8482803,D,903
2025021206,8483444,C,468
2025021206,8484153,C,801
2025021206,8484762,R,723
2025021206,8485512,C,535
2025021219,8473986,L,833
2025021219,8474590,D,1132
2025021219,8475184,L,906
2025021219,8475798,C,949
2025021219,8476885,D,1172
2025021219,8478873,R,939
2025021219,8479705,L,608
2025021219,8480068,C,644
2025021219,8481563,D,738
2025021219,8481605,D,1071
2025021219,8482178,D,496
2025021219,8482731,D,1343
2025021219,8482745,C,649
2025021219,8482803,D,608
2025021219,8483444,C,471
2025021219,8484153,C,994
2025021219,8484762,R,1040
2025021219,8485512,C,582
2025021243,8473986,L,506
2025021243,8474590,D,954
2025021243,8475184,L,534
2025021243,8475798,C,811
2025021243,8476885,D,842
2025021243,8478873,R,734
2025021243,8479705,L,522
2025021243,8480068,C,603
2025021243,8481563,D,612
2025021243,8481605,D,914
2025021243,8482178,D,401
2025021243,8482731,D,628
2025021243,8482745,C,523
2025021243,8482803,D,467
2025021243,8483490,D,853
2025021243,8484153,C,828
2025021243,8484762,R,807
2025021243,8485512,C,461
2025021258,8473986,L,791
2025021258,8474590,D,1054
2025021258,8475184,L,826
2025021258,8475798,C,810
2025021258,8476885,D,1311
2025021258,8478366,R,735
2025021258,8478873,R,956
2025021258,8479705,L,712
2025021258,8480068,C,1032
2025021258,8481563,D,1004
2025021258,8481605,D,1308
2025021258,8482178,D,837
2025021258,8482731,D,994
2025021258,8482745,C,693
2025021258,8483490,D,1061
2025021258,8484153,C,798
2025021258,8484762,R,840
2025021258,8485512,C,1023
2025021280,8473986,L,1011
2025021280,8474590,D,1288
2025021280,8475184,L,839
2025021280,8475462,D,466
2025021280,8475798,C,1081
2025021280,8476885,D,1450
2025021280,8478873,R,917
2025021280,8479705,L,672
2025021280,8480068,C,603
2025021280,8481605,D,1431
2025021280,8482178,D,540
2025021280,8482731,D,691
2025021280,8482745,C,684
2025021280,8483445,L,692
2025021280,8483490,D,1085
2025021280,8484153,C,859
2025021280,8484762,R,1092
2025021280,8485512,C,599
2025021296,8473986,L,968
2025021296,8474590,D,993
2025021296,8475798,C,903
2025021296,8476885,D,995
2025021296,8478366,R,511
2025021296,8478873,R,818
2025021296,8479705,L,646
2025021296,8480068,C,576
2025021296,8481563,D,861
2025021296,8481605,D,1092
2025021296,8482178,D,447
2025021296,8482731,D,840
2025021296,8482745,C,652
2025021296,8483445,L,697
2025021296,8483490,D,909
2025021296,8484153,C,880
2025021296,8484762,R,920
2025021296,8485512,C,532
2025021307,8473986,L,730
2025021307,8474590,D,809
2025021307,8475184,L,695
2025021307,8475798,C,700
2025021307,8476885,D,1050
2025021307,8478873,R,751
2025021307,8479705,L,613
2025021307,8480068,C,654
2025021307,8481605,D,1084
2025021307,8482178,D,438
2025021307,8482731,D,705
2025021307,8482745,C,634
2025021307,8483445,L,719
2025021307,8483482,D,697
2025021307,8483490,D,781
2025021307,8484153,C,780
2025021307,8484762,R,538
2025021307,8485512,C,462
