player,pos,min5v5,on_mid_fa60,rel_mid_fa60,fa_lo,fa_hi,rel_mid_xga60,xg_lo,xg_hi
Ian Moore,D,829,17.51085383502171,-1.9223177573911698,-4.642896185159578,1.026093708916896,-0.3227282407512997,-0.5965280131037821,-0.04840778184489987
Ross Johnston,L,590,17.480168252265475,-1.817799441370859,-5.533348412848038,1.6473550337617595,-0.17081169480453595,-0.5444385022411995,0.214042235976739
Jansen Harkins,C,401,17.934985676921162,-1.2105281499113474,-4.888905273846277,2.3068215049758662,-0.14055302832303807,-0.5271128185047147,0.2911798963548762
Mikael Granlund,C,746,18.41411659593478,-0.7506449715057322,-4.069827697315227,2.941856509065824,-0.11777145970129044,-0.47627673982815955,0.26733351734931254
Jackson LaCombe,D,1441,18.28129880044882,-1.1791022696243836,-3.688908533559942,1.2245215429703256,-0.09689556232057717,-0.3720467426800456,0.1675836768053326
Troy Terry,R,797,18.737849871443803,-0.35497885946582386,-2.8661083306511457,2.2550845529437153,-0.046870527719788724,-0.33928744622552415,0.2733536241169671
Chris Kreider,L,921,18.636643376896064,-0.5029287973729808,-2.8689773777073366,1.7784852931832795,-0.04026393790867777,-0.3169350853621013,0.22766160442588856
Alex Killorn,L,996,19.04538681756542,0.03511146615540284,-2.2316305929352347,2.551173367721434,-0.021286598908691445,-0.2860489598950313,0.25173081354095383
Radko Gudas,D,791,20.11003604629103,1.3723881611908766,-1.857144360820842,4.808892931634461,0.0033889339948069974,-0.36445018213852864,0.3501538924687101
Jacob Trouba,D,1430,18.917344394472536,-0.16226410187260143,-2.693367923919172,2.4719673311103696,0.0315654526363347,-0.27406671977609376,0.3138129754423278
Pavel Mintyukov,D,1076,19.129357087529048,0.15263970901533952,-2.4231352759603135,2.8522782750098807,0.04960536738950205,-0.23241953265947082,0.36448828528047333
Ryan Poehling,C,869,19.133871865226318,0.14786666955046002,-2.8587039882372425,3.174553480499982,0.058707953790440026,-0.2742536571186723,0.36183648653875294
Olen Zellweger,D,1091,19.691066599440802,0.937105196334457,-1.6330626881919255,3.5530120097829467,0.06701566962112482,-0.22717179890741726,0.37319291872368404
Beckett Sennecke,R,1127,19.861554845580404,1.1904519979436508,-1.3455472324399613,3.732032979431059,0.10348227217605666,-0.18422567528695602,0.3959948437860623
Leo Carlsson,C,938,19.123760793092423,0.13802640575873326,-2.516438273604912,2.643956204037729,0.10383737665054293,-0.20513230088472445,0.3978735553140821
Drew Helleson,D,887,19.27955352612887,0.33804308457626675,-2.5079166567872866,3.082941800243398,0.12413287279846208,-0.18504143704025552,0.4404999094589769
Jeffrey Viel,L,420,20.161258291297614,1.2815146828774822,-1.9602921454589648,4.818573817834874,0.16353041539662572,-0.21060003907058,0.5652724520506421
Cutter Gauthier,L,982,20.04958060243828,1.3825423137576536,-1.0355355696145125,3.875122461897516,0.20574859939080214,-0.061488541570199805,0.4684912511793493
Mason McTavish,C,916,20.433335152540522,1.855248030145649,-0.5434850401944628,4.430004394161201,0.21742870634656608,-0.05468491174141099,0.5013966386965991
Frank Vatrano,R,496,22.117773450614383,3.5568324891886363,-0.22864471582189477,7.286497660026774,0.2982992005030063,-0.11379715204194522,0.7403534990001626
