defending_team,ca,fa,xga,ga,ca_60,fa_60,xga_60,ga_60,xg_per_fa,hours
ANA,3806,2765,177.5361156447181,190,59.28554120945689,43.07002665374364,2.7654557804051074,2.959604001523071,0.06420836008850564,64.19777777777777
BOS,3916,2796,172.28499235971958,150,60.65153418575435,43.30482369340377,2.6683731112865066,2.323220155225524,0.061618380672288836,64.56555555555556
BUF,3824,2799,168.99285241087233,156,58.947656892299264,43.14709509454646,2.605055617460008,2.404768429706769,0.06037615305854674,64.8711111111111
CAR,3112,2305,155.85910524249763,160,47.44063145770521,35.138385446661474,2.375981481727834,2.439107015820319,0.06761783307700549,65.59777777777778
CBJ,3950,2846,169.44885830211777,162,59.120427729226776,42.59664235883023,2.536174425582365,2.4246858967429716,0.05953930369013274,66.81277777777778
CGY,3973,2844,180.9962690609062,176,60.655716848386156,43.41929491991196,2.7632666616593613,2.686988715156296,0.06364144481747756,65.50083333333333
CHI,3990,3020,198.27105770321515,198,60.64597846738442,45.90246991766941,3.0136196231014334,3.0094996833438885,0.0656526681136474,65.79166666666667
COL,3522,2585,154.03378467458995,128,54.544985244392436,40.03372710299672,2.3855112186863803,1.982327686337942,0.05958753759171758,64.57055555555556
DAL,3608,2521,151.314581044571,138,55.53261078689155,38.80202655037517,2.328961678361896,2.1240300134675816,0.06002165055318168,64.97083333333333
DET,3956,2777,176.9802666972381,169,60.06832848285461,42.16626597494622,2.687287359694872,2.5661141338732127,0.06373074061837887,65.85833333333333
EDM,3795,2719,176.0702615405838,188,56.27571889326891,40.31981018993364,2.6109303146040133,2.787835349653374,0.06475552097851556,67.43583333333333
FLA,3505,2620,162.7313985514912,181,55.07205893906197,41.16656046229454,2.5569053273220277,2.843949405982943,0.06211122082117985,63.64388888888889
LAK,3767,2645,159.76656617061036,140,56.77135226102464,39.862019307249845,2.4077950644029795,2.109898942538744,0.06040323862783,66.35388888888889
MIN,4116,2939,175.4100349864105,158,62.046353872244204,44.303749764462026,2.64420629336967,2.3817599397022797,0.05968357774290932,66.3375
MTL,3770,2632,167.47659341188475,160,58.63116195281686,40.93294914053421,2.60460139831254,2.4883251757163656,0.06363092454858843,64.30027777777778
NJD,3800,2754,176.54314935833017,183,56.39213972719066,40.869461265442915,2.619906828024538,2.71572672896734,0.0641042662884278,67.38527777777777
NSH,3784,2868,178.84227609503932,180,58.423111233102304,44.280518767583885,2.7612373650850097,2.7791120565429215,0.06235783685322152,64.7688888888889
NYI,3864,2784,180.6244264512669,159,59.49344350637686,42.864841284097615,2.781047906560603,2.4480997716133337,0.06487946352416196,64.94833333333334
NYR,3853,2780,166.956146515939,156,58.01837072730011,41.86116548712543,2.5140211792793106,2.3490438187020026,0.06005616781148885,66.41
OTT,3386,2397,145.97828195581496,163,52.53911469333218,37.19322442998146,2.2650826043745265,2.5292013275289857,0.06090040966033165,64.44722222222222
PHI,3644,2554,150.92691720038366,149,55.77622163548005,39.09233536142043,2.3101353415280856,2.2806413347109022,0.05909432936585108,65.3325
PIT,3850,2758,178.04068858479087,175,58.39723603269571,41.83365635796747,2.7005413284960276,2.6544198196679867,0.06455427432370953,65.92777777777778
SEA,4224,3045,182.815454854501,160,62.940657866961374,45.37270435722002,2.7240826223461343,2.384115828293991,0.06003791620837472,67.11083333333333
SJS,3856,2789,177.4060305219509,190,59.44501541623844,42.99588900308325,2.7349336668337756,2.929085303186023,0.06360918986086443,64.86666666666666
STL,3760,2731,164.35434676064435,174,56.500995529509,41.03835606145986,2.4697298435049304,2.6146737292911078,0.06018101309434066,66.5475
TBL,3377,2511,151.88567278589156,152,52.67029724846957,39.16349315691652,2.368926127751464,2.3707092631825213,0.06048812138028337,64.11583333333333
TOR,4277,3147,194.13345156435255,206,64.60508207176665,47.53616864153604,2.93243104306531,3.111678023564164,0.06168841803760806,66.20222222222222
UTA,3532,2533,157.41902312333022,163,53.92846691181148,38.67520008143219,2.4035579217996035,2.4887712646164415,0.062147265346754924,65.49416666666667
VAN,4038,2984,197.82803899012,210,60.959889291929635,45.0481202692219,2.986521881049345,3.170276560501541,0.06629625971518767,66.24027777777778
VGK,3604,2534,151.41383840599948,172,53.545737809785194,37.648418315759066,2.2496020233243152,2.555456965394854,0.05975289597711108,67.30694444444444
WPG,3779,2775,174.08250335063397,171,57.012584810222066,41.86555248699821,2.62632799318703,2.5798232343339436,0.0627324336398681,66.28361111111111
WSH,3862,2714,171.42974741266445,147,59.710364020545946,41.961141365034095,2.6504745266598753,2.2727663156448092,0.06316497693908049,64.67888888888889
