defending_team,source,ca,fa,xga,ga,ca_60,fa_60,xga_60,ga_60
ANA,faceoff_play,404,283,11.04572352206853,14,6.293052719028005,4.408252275952785,0.1720577238717449,0.21807608432275263
ANA,forecheck_turnover,230,160,10.24499349643812,9,3.5826785281595073,2.492298106545744,0.1595848618296637,0.14019176849319812
ANA,rebound,185,147,16.1728565483721,14,2.8817196856935166,2.2897988853889024,0.2519223734558983,0.21807608432275263
ANA,rush,360,287,18.120525139378763,22,5.607670739727925,4.470559728616429,0.28226094059055157,0.34269098965003986
ANA,sustained_oz,2627,1888,121.9520169384606,131,40.92041953684794,29.409117657239783,1.8996298806572494,2.040569074734328
BOS,faceoff_play,386,254,8.860366081982049,11,5.978419866113683,3.933986129515221,0.13723054042891536,0.17036947804987176
BOS,forecheck_turnover,294,206,12.00117667594734,10,4.553511504242027,3.190555679843053,0.18587583693322213,0.15488134368170162
BOS,rebound,216,184,20.107503299982636,13,3.345437023524755,2.84981672374331,0.311427712918556,0.2013457467862121
BOS,rush,347,279,16.361067790402686,13,5.374382625755046,4.321189488719475,0.25340241634449767,0.2013457467862121
BOS,sustained_oz,2673,1873,114.95487851140487,103,41.399783166118844,29.009275671582714,1.7804366046613154,1.5952778399215266
BUF,faceoff_play,412,278,10.374300788239166,4,6.351055083584544,4.285420663195397,0.15992173728102307,0.06166072896684024
BUF,forecheck_turnover,271,198,13.6715129026136,11,4.177514387503426,3.0522060838585916,0.2107488629136791,0.16956700465881064
BUF,rebound,196,171,18.517376076593262,21,3.0213757193751714,2.63599616333242,0.28544872685896716,0.32371882707591126
BUF,rush,341,280,14.547590942070002,10,5.25657714442313,4.316251027678817,0.2242537655498596,0.1541518224171006
BUF,sustained_oz,2604,1872,111.88207170135631,110,40.141134557413,28.85722115648123,1.7246825248564792,1.6956700465881065
CAR,faceoff_play,302,212,8.28082940909532,5,4.603814492360852,3.231816795961923,0.12623643192834763,0.07622209424438497
CAR,forecheck_turnover,234,160,9.549644569416625,7,3.5671940106372166,2.439107015820319,0.14557878167409063,0.10671093194213896
CAR,rebound,169,146,15.645999710814586,12,2.576306785460212,2.225685151936041,0.23851417290106586,0.18293302618652393
CAR,rush,320,254,16.97774065652574,25,4.878214031640638,3.8720823876147565,0.25881578967568625,0.3811104712219249
CAR,sustained_oz,2087,1533,105.40489089664537,111,31.81510213760629,23.36969409532843,1.6068363055486439,1.6921304922253464
CBJ,faceoff_play,409,270,10.20166019943989,14,6.121583529431329,4.041143161238286,0.15269025684534562,0.20954075650865187
CBJ,forecheck_turnover,242,174,9.6041781262934,8,3.622061648220982,2.604292259464673,0.1437476250162404,0.11973757514780106
CBJ,rebound,186,155,16.829628935039057,11,2.7838986221863746,2.3199155184886457,0.2518923699148558,0.16463916582822646
CBJ,rush,340,257,15.508543078283852,12,5.088846943781545,3.8465696016231092,0.23211941778361533,0.17960636272170158
CBJ,sustained_oz,2773,1990,117.30484796306158,117,41.50403698560654,29.784721818015512,1.755724756022308,1.7511620365365905
CGY,faceoff_play,391,269,9.763202720631377,7,5.969389702421089,4.106817979415021,0.1490546337165895,0.10686886935280722
CGY,forecheck_turnover,289,222,14.436581308436985,9,4.412157606137327,3.3892698566176005,0.2204030173932187,0.13740283202503786
CGY,rebound,212,180,20.12211647841284,15,3.236600043256447,2.748056640500757,0.30720397671906724,0.22900472004172975
CGY,rush,334,277,17.362305632466477,23,5.099171766262516,4.228953830103943,0.2650699960427955,0.3511405707306523
CGY,sustained_oz,2747,1896,119.31206292095852,122,41.93839773030877,28.94619661327464,1.8215350377876902,1.8625717230060685
CHI,faceoff_play,393,281,10.736838020629444,9,5.973400886637112,4.271057631412286,0.1631944980969643,0.13679544015199493
CHI,forecheck_turnover,254,192,11.532596014901454,13,3.860671310956301,2.9183027232425585,0.17528961643928745,0.19759341355288157
CHI,rebound,211,185,20.855223888695736,20,3.2070930968967697,2.811906269791007,0.3169888368136147,0.30398986700443315
CHI,rush,293,246,15.932839396088209,18,4.453451551614946,3.739075364154528,0.2421710864509924,0.27359088030398987
CHI,sustained_oz,2839,2116,139.2135603829003,138,43.151361621279285,32.16212792906903,2.1159755853005744,2.097530082330589
COL,faceoff_play,366,240,8.543130984142026,8,5.668218228122553,3.7168644118836416,0.1323069146709082,0.12389548039612137
COL,forecheck_turnover,228,164,9.244694053491976,7,3.5310211912894593,2.5398573481204885,0.14317197635906936,0.10840854534660621
COL,rebound,193,165,17.928533946941318,8,2.9889784645564283,2.5553442831700033,0.2776580407693081,0.12389548039612137
COL,rush,341,277,17.1979083344184,22,5.2810448518846735,4.289881008715703,0.26634288936265343,0.3407125710893338
COL,sustained_oz,2394,1739,101.11951735559622,83,37.07572250853932,26.931780051106884,1.5660313975244409,1.2854156091097593
DAL,faceoff_play,402,240,8.296201509805046,7,6.187391778362086,3.6939652408131853,0.12769116670000713,0.10774065285705124
DAL,forecheck_turnover,240,171,10.325565467650728,3,3.6939652408131853,2.6319502340793948,0.15892616637184473,0.04617456551016482
DAL,rebound,162,138,14.960447698722614,14,2.4934265375489004,2.1240300134675816,0.2302640574420206,0.21548130571410248
DAL,rush,289,230,14.055866828144467,10,4.448149810812544,3.5400500224459694,0.21634118121943643,0.15391521836721606
DAL,sustained_oz,2515,1742,103.67649954024814,104,38.70967741935484,26.81203103956904,1.5957391066285869,1.600718271019047
DET,faceoff_play,387,249,8.774289477355111,5,5.876249525496647,3.7808427179552067,0.13322975291441394,0.07592053650512463
DET,forecheck_turnover,283,198,12.249279047621418,10,4.297102366190054,3.0064532456029354,0.18599436741928002,0.15184107301024927
DET,rebound,167,139,15.373167169841095,10,2.5357459192711627,2.1105909148424646,0.23342781986346087,0.15184107301024927
DET,rush,333,256,14.153043409636712,17,5.056307731241301,3.8871314690623815,0.21490132976798754,0.25812982411742375
DET,sustained_oz,2786,1935,126.43048759278378,127,42.30292294065545,29.381247627483233,1.9197340897297297,1.9283816272301657
EDM,faceoff_play,338,229,8.59977962379922,13,5.012172064802343,3.395820718460759,0.12752537039604395,0.19277584864624395
EDM,forecheck_turnover,248,166,10.503758119228367,17,3.6775700357129617,2.461599298098192,0.1557592988776249,0.2520914943835498
EDM,rebound,187,152,17.508034448928317,31,2.773006438219048,2.2539945380176216,0.25962509223229463,0.4596962544641202
EDM,rush,349,273,18.432264218453902,17,5.175290090579934,4.048292821571123,0.2733304136295575,0.2520914943835498
EDM,sustained_oz,2673,1899,121.02642513017398,110,39.63768026395462,28.160102813785944,1.794690139468492,1.6311802577759105
FLA,faceoff_play,361,253,8.740424400134492,11,5.672186384308523,3.9752441973131747,0.1373332860817752,0.1728367042310076
FLA,forecheck_turnover,234,186,11.784056056781656,17,3.6767080718232528,2.922511544269765,0.18515612830250772,0.2671112701751936
FLA,rebound,189,168,18.30099156793254,22,2.969648827241858,2.639687846437207,0.2875530060691746,0.3456734084620152
FLA,rush,302,249,15.745109677840611,10,4.745153152524027,3.9123944866837177,0.24739389677033757,0.15712427657364328
FLA,sustained_oz,2419,1764,108.16081684880189,121,38.00836250316431,27.716722387590675,1.6994690100982324,1.9012037465410836
LAK,faceoff_play,367,238,7.854428984148444,7,5.530949370797994,3.586828202315865,0.11837179577071762,0.10549494712693722
LAK,forecheck_turnover,247,183,11.242222255546364,9,3.722464562907642,2.757939332032787,0.16942823463402007,0.13563636059177642
LAK,rebound,180,151,15.812650872377086,9,2.7127272118355283,2.2756767165953597,0.23830782395973404,0.13563636059177642
LAK,rush,346,270,16.85159427423283,13,5.2144645294171825,4.069090817753293,0.2539654352806843,0.19591918752145482
LAK,sustained_oz,2627,1803,108.00566978430562,102,39.590746586066295,27.172484238552542,1.6277217747578232,1.5372120867067993
MIN,faceoff_play,461,297,10.910902543559112,15,6.949312229131335,4.4771057094403615,0.16447563660914433,0.2261164499717354
MIN,forecheck_turnover,223,165,10.800662345722023,14,3.3615978895797998,2.4872809496890897,0.16281382846387069,0.21104201997361974
MIN,rebound,179,157,16.36067167028741,14,2.6983229696627093,2.366685509704164,0.24662779981590213,0.21104201997361974
MIN,rush,376,296,16.08703599422312,12,5.667985679291501,4.462031279442246,0.2425028979720839,0.18089315997738833
MIN,sustained_oz,2877,2024,121.25076243261884,103,43.36913510457885,30.51064631618617,1.8277861305086691,1.5526662898059165
MTL,faceoff_play,355,208,7.583110684424986,8,5.520971483620686,3.234822728431275,0.11793278266436531,0.12441625878581827
MTL,forecheck_turnover,249,177,9.809815266769153,8,3.8724560547085938,2.752709725636229,0.15256256435892773,0.12441625878581827
MTL,rebound,191,167,18.61199302028595,14,2.970438178511411,2.5971894021539566,0.28945431751646755,0.21772845287518197
MTL,rush,351,271,16.88014851756918,18,5.458763354227776,4.214600766369594,0.2625206157881167,0.2799365822680911
MTL,sustained_oz,2624,1809,114.59152592283549,112,40.80853288174839,28.133626517943156,1.7821311179846628,1.7418276230014558
NJD,faceoff_play,368,253,8.823933900539894,5,5.461133531475306,3.754529302889273,0.13094750354282636,0.07420018385156665
NJD,forecheck_turnover,255,187,11.818955442045558,13,3.7842093764299,2.775086876048593,0.17539373334665095,0.1929204780140733
NJD,rebound,189,166,18.305740787738937,21,2.8047669495892196,2.463446103872013,0.2716578663978704,0.31164077217658
NJD,rush,310,246,17.68119166286074,26,4.6004113987971325,3.6506490454970795,0.2623895344198109,0.3858409560281466
NJD,sustained_oz,2678,1902,119.91332756514504,118,39.741618470899105,28.22574993713596,1.7795181903173796,1.751124338896973
NSH,faceoff_play,412,274,9.62047747370771,6,6.361078707198243,4.230426130515336,0.14853547187155935,0.09263706855143072
NSH,forecheck_turnover,230,180,11.05003464885404,4,3.5510876278048444,2.7791120565429215,0.17060713621026274,0.06175804570095381
NSH,rebound,180,153,17.632241702397657,27,2.7791120565429215,2.3622452480614835,0.27223319721673456,0.41686680848143826
NSH,rush,344,293,18.27258416070655,17,5.311191930282028,4.523776847594867,0.28211977191786,0.2624716942290537
NSH,sustained_oz,2618,1968,122.26693810937337,126,40.42064091127427,30.384958484869276,1.887741787868593,1.945378439580045
NYI,faceoff_play,348,230,8.889576510629764,8,5.358105160512202,3.541276399189099,0.13687151085164767,0.12317483127614257
NYI,forecheck_turnover,267,189,13.083788708932348,14,4.110959993841258,2.910005388898868,0.20144918333443013,0.21555595473324948
NYI,rebound,209,181,19.656163559979053,10,3.2179424670892245,2.7868305576227255,0.3026430787545852,0.15396853909517821
NYI,rush,308,245,15.872132434321415,15,4.742231004131489,3.772229207831866,0.24438090432376627,0.23095280864276732
NYI,sustained_oz,2732,1939,123.12276523740432,112,42.064204880802684,29.854499730555055,1.8957032292961735,1.7244476378659959
NYR,faceoff_play,354,227,7.026331247653958,9,5.33052251166993,3.4181599156753504,0.10580230759906577,0.1355217587712694
NYR,forecheck_turnover,260,187,10.524323283522733,5,3.915073031170005,2.8158409878030417,0.15847497791782464,0.07528986598403856
NYR,rebound,192,161,17.92476599560072,19,2.8911308537870806,2.4243336846860415,0.2699106459208059,0.2861014907393465
NYR,rush,362,289,17.87902416974473,15,5.450986297244391,4.351754253877428,0.2692218667330934,0.22586959795211567
NYR,sustained_oz,2685,1916,113.60170181941685,108,40.4306580334287,28.851076645083573,1.7106113811085206,1.6262611052552327
OTT,faceoff_play,308,181,5.901809590474932,7,4.779104348950476,2.8084996336364814,0.0915758567549233,0.10861600793069263
OTT,forecheck_turnover,237,151,8.82963515718333,13,3.677427697082022,2.3430024567906558,0.13700567460824958,0.20171544329985777
OTT,rebound,169,141,15.896483131243505,16,2.622300762898151,2.18783673117538,0.24665893397903804,0.24826516098444032
OTT,rush,288,231,13.182780747725879,10,4.4687728977199255,3.5843282617128573,0.20455157403479662,0.1551657256152752
OTT,sustained_oz,2384,1693,102.16757332918732,117,36.99150898668161,26.26955734666609,1.5852905649975189,1.81543898969872
PHI,faceoff_play,348,211,7.793784220253909,10,5.326598553552979,3.2296330310335595,0.11929413722502444,0.15306317682623505
PHI,forecheck_turnover,226,154,8.806357753844273,6,3.459227796272912,2.3571729231240197,0.1347929094071752,0.09183790609574102
PHI,rebound,150,123,12.403870052779315,11,2.2959476523935254,1.8826770749626909,0.18985757552182014,0.16836949450885855
PHI,rush,335,264,14.856109798354804,21,5.127616423678874,4.040867868212605,0.22739233610155443,0.32143267133509357
PHI,sustained_oz,2585,1802,107.06679537515136,101,39.56683120958176,27.581984464087554,1.6387983832725117,1.5459380859449738
PIT,faceoff_play,412,272,10.487345104718703,5,6.249262661161203,4.1257268054268135,0.15907323829521922,0.07584056627622819
PIT,forecheck_turnover,274,198,13.511025971551598,15,4.156063031937305,3.0032864245386364,0.2049367721310599,0.2275216988286846
PIT,rebound,198,164,18.836094171205694,25,3.0032864245386364,2.487570573860285,0.28570800967532023,0.37920283138114097
PIT,rush,339,270,17.355371421157468,15,5.141990393528272,4.095390578916323,0.2632482393029699,0.2275216988286846
PIT,sustained_oz,2627,1854,117.85085191615742,115,39.84663352153029,28.121681975225414,1.7875750690914585,1.7443330243532484
SEA,faceoff_play,388,260,8.495655174937694,7,5.781480883612929,3.874188220977736,0.12659141233935445,0.10430506748786213
SEA,forecheck_turnover,246,180,10.429276879782941,16,3.6655780860020117,2.6821303068307403,0.15540377554219426,0.23841158282939914
SEA,rebound,200,166,17.466299899791686,11,2.980144785367489,2.473520171855016,0.26026051283014445,0.1639079631952119
SEA,rush,358,285,16.660942992133016,18,5.3344591658078055,4.2467063191486725,0.2482601118865511,0.268213030683074
SEA,sustained_oz,3032,2154,129.7632799078557,108,45.17899494617114,32.09615933840786,1.93356680974789,1.6092781840984443
SJS,faceoff_play,416,277,9.549371193502312,8,6.413155190133608,4.270298047276465,0.1472153832502926,0.12332990750256939
SJS,forecheck_turnover,250,173,11.80959517612941,16,3.8540596094552932,2.667009249743063,0.1820595350893537,0.24665981500513878
SJS,rebound,193,168,19.61965506170232,21,2.9753340184994865,2.589928057553957,0.30246128049900806,0.32374100719424465
SJS,rush,349,271,15.598757757734402,14,5.38026721479959,4.177800616649538,0.24047416892704632,0.21582733812949642
SJS,sustained_oz,2648,1900,120.82865133288244,131,40.822199383350465,29.29085303186023,1.8627232990680749,2.0195272353545737
STL,faceoff_play,418,278,9.51676422598888,6,6.281227694503926,4.177467222660506,0.14300708856063532,0.09016116307900372
STL,forecheck_turnover,233,179,11.318843534692926,16,3.5012584995679776,2.6898080318569444,0.17008668296619597,0.24042976821067658
STL,rebound,180,146,17.68515548106895,19,2.7048348923701115,2.193921634922424,0.265752364567699,0.28551034975017847
STL,rush,309,255,15.560845377812077,12,4.643299898568691,3.831849430857658,0.233830652959346,0.18032232615800745
STL,sustained_oz,2620,1873,110.2727381410815,121,39.37037454449829,28.14530974116233,1.6570530544510538,1.8182501220932417
TBL,faceoff_play,371,250,8.423538451432698,4,5.786402214741549,3.8991928670765157,0.13138000418148454,0.06238708587322425
TBL,forecheck_turnover,236,168,10.028842718075598,14,3.6808380665202307,2.6202576066754184,0.1564175679654105,0.21835480055628487
TBL,rebound,155,132,14.130198259696515,13,2.4174995775874395,2.0587738338164003,0.22038547305834258,0.2027580290879788
TBL,rush,348,287,17.38764634334419,22,5.42767647097051,4.47627341140384,0.2711911463888669,0.34312897230273337
TBL,sustained_oz,2267,1674,101.91544701334256,99,35.35788091864984,26.108995437944348,1.5895519361573596,1.5440803753623003
TOR,faceoff_play,394,273,9.998306344632717,12,5.951461850894566,4.123728642878722,0.15102674818182413,0.1812627974891746
TOR,forecheck_turnover,298,209,12.809650534573898,17,4.5013594709811695,3.1569937229364573,0.1934927575629638,0.256788963109664
TOR,rebound,188,165,18.761092464443426,17,2.839783827330402,2.4923634654761506,0.283390675338174,0.256788963109664
TOR,rush,388,310,18.229422269850254,23,5.860830452149979,4.682622268470344,0.2753596731037097,0.3474203618542513
TOR,sustained_oz,3009,2190,134.33497995085227,137,45.45164647041053,33.080460541774364,2.0291611888786387,2.06941693800141
UTA,faceoff_play,367,245,7.9273041085681415,8,5.60355247922843,3.740791164607535,0.12103832313668862,0.12214828292596032
UTA,forecheck_turnover,256,185,11.372527304977366,6,3.90874505363073,2.8246790426628325,0.17364183535394803,0.09161121219447024
UTA,rebound,167,138,14.69369308052872,13,2.5498454060794216,2.1070578804728153,0.22435117245345593,0.1984909597546855
UTA,rush,296,239,14.402173773319252,13,4.519486468260531,3.6491799524130646,0.21990009960153067,0.1984909597546855
UTA,sustained_oz,2446,1726,109.02332485593675,123,37.34683750461237,26.35349204127594,1.6646264912539805,1.87802984998664
VAN,faceoff_play,420,284,11.084838542883826,9,6.340553121003082,4.287421634202084,0.16734287528308883,0.13586899545006606
VAN,forecheck_turnover,258,194,11.322178837036317,9,3.8949112029018935,2.9287316797014236,0.17092589609934683,0.13586899545006606
VAN,rebound,195,169,18.109418379186938,22,2.943828234751431,2.5513178034512403,0.2733898314850103,0.33212421110016144
VAN,rush,318,251,16.995506953876824,13,4.800704505902334,3.789235317551842,0.256573606331984,0.1962552156500954
VAN,sustained_oz,2847,2086,140.3160962771361,157,42.9798922273709,31.49141383431531,2.1182896718499147,2.3701591428511524
VGK,faceoff_play,334,213,8.499775305652538,7,4.962340851406286,3.164606590866883,0.12628377912279623,0.10400115556839522
VGK,forecheck_turnover,237,160,10.030451122710147,13,3.521181981387095,2.3771692701347478,0.14902550109059462,0.19314500319844824
VGK,rebound,148,129,12.476128148148804,18,2.1988815748746418,1.9165927240461402,0.18536167777526547,0.26743154289015914
VGK,rush,320,251,14.019992692942118,17,4.7543385402694955,3.7291842925238856,0.2082993487323482,0.25257423495181697
VGK,sustained_oz,2565,1781,106.38749113654589,117,38.10899486184768,26.46086543818741,1.5806317166033108,1.7383050287860342
WPG,faceoff_play,341,235,8.89163630244338,8,5.144559783086987,3.54537111151156,0.1341453211946818,0.12069348464720205
WPG,forecheck_turnover,225,166,10.191729640473149,11,3.3945042557025573,2.5043898064294425,0.15375942061136,0.16595354138990281
WPG,rebound,215,177,19.1360976574718,19,3.243637399893555,2.6703433478193452,0.28870028860367897,0.28664702603710485
WPG,rush,300,230,14.57937633546224,16,4.526005674270077,3.469937683607059,0.21995446673873656,0.2413869692944041
WPG,sustained_oz,2698,1967,121.2836634147834,117,40.70387769726889,29.675510537630803,1.8297684960385727,1.7651422129653298
WSH,faceoff_play,371,226,8.15892645887665,4,5.736029272817852,3.4941849478620877,0.12614512399699343,0.06184398137809005
WSH,forecheck_turnover,255,190,12.660366622980998,10,3.9425538128532405,2.9375891154592773,0.1957418694178574,0.15460995344522513
WSH,rebound,185,156,16.366943927567853,11,2.860284138736665,2.411915273745512,0.25304924386818756,0.17007094878974763
WSH,rush,392,307,19.79263975213037,15,6.060710175052825,4.746525570768411,0.30601391106349884,0.23191493016783768
WSH,sustained_oz,2659,1835,114.45087065110859,107,41.11078662108536,28.37092645719881,1.769524378313338,1.6543265018639088
